filename,participant_id,category,age,transformed_ink,source_ink,ink_added,incorrect
S7_age1_Watch_trial016.png,S7,watch,4,0.725,0.084,0.64,1
S44_age3_House_trial009.png,S44,house,6,0.642,0.016,0.626,1
S1_age1_Hat_trial016.png,S1,hat,4,0.606,0.036,0.57,1
S27_age2_Watch_trial013.png,S27,watch,5,0.589,0.061,0.528,1
S29_age2_Cup_trial010.png,S29,cup,5,0.576,0.058,0.518,1
S37_age2_Bird_trial006.png,S37,bird,5,0.561,0.041,0.52,1
S55_age3_Bird_trial007.png,S55,bird,6,0.497,0.033,0.465,1
S5_age1_Watch_trial009.png,S5,watch,4,0.463,0.048,0.415,1
S26_age2_Cup_trial012.png,S26,cup,5,0.448,0.046,0.402,1
S65_age4_Watch_trial010.png,S65,watch,7,0.443,0.06,0.384,1
S99_age5_Watch_trial015.png,S99,watch,8,0.434,0.054,0.38,1
S4_age1_Watch_trial016.png,S4,watch,4,0.429,0.067,0.362,1
S71_age4_Watch_trial015.png,S71,watch,7,0.428,0.057,0.371,1
S56_age3_Watch_trial005.png,S56,watch,6,0.421,0.065,0.357,1
S56_age3_Hat_trial014.png,S56,hat,6,0.418,0.025,0.393,1
S97_age5_Cup_trial008.png,S97,cup,8,0.416,0.045,0.371,1
S39_age2_Rabbit_trial012.png,S39,rabbit,5,0.415,0.034,0.382,1
S97_age5_Watch_trial010.png,S97,watch,8,0.412,0.037,0.375,1
S1_age1_Watch_trial006.png,S1,watch,4,0.41,0.055,0.355,1
S2_age1_Cup_trial007.png,S2,cup,4,0.408,0.043,0.365,1
S37_age2_Cup_trial010.png,S37,cup,5,0.397,0.046,0.351,1
S33_age2_Cup_trial014.png,S33,cup,5,0.395,0.045,0.349,1
S18_age1_Tree_trial016.png,S18,tree,4,0.386,0.034,0.352,1
S4_age1_Hat_trial013.png,S4,hat,4,0.384,0.04,0.344,1
S18_age1_Bicycle_trial012.png,S18,bike,4,0.381,0.03,0.351,1
S37_age2_Airplane_trial008.png,S37,airplane,5,0.38,0.05,0.33,1
S112_age6_Cup_trial009.png,S112,cup,9,0.378,0.049,0.329,1
S51_age3_Tree_trial013.png,S51,tree,6,0.375,0.051,0.324,1
S87_age5_Hat_trial011.png,S87,hat,8,0.37,0.045,0.325,1
S88_age5_Bicycle_trial007.png,S88,bike,8,0.368,0.049,0.318,1
S32_age2_Bird_trial012.png,S32,bird,5,0.365,0.041,0.324,1
S87_age5_Watch_trial010.png,S87,watch,8,0.363,0.044,0.319,1
S120_age6_Hat_trial007.png,S120,hat,9,0.363,0.037,0.326,1
S68_age4_Hat_trial013.png,S68,hat,7,0.36,0.031,0.329,1
S39_age2_Hat_trial016.png,S39,hat,5,0.36,0.039,0.321,1
S4_age1_Cat_trial010.png,S4,cat,4,0.357,0.038,0.319,1
S55_age3_Cat_trial012.png,S55,cat,6,0.351,0.033,0.318,1
S68_age4_Cup_trial006.png,S68,cup,7,0.349,0.074,0.275,1
S29_age2_Chair_trial009.png,S29,chair,5,0.349,0.053,0.297,1
S27_age2_Chair_trial011.png,S27,chair,5,0.345,0.04,0.305,1
S22_age2_Watch_trial010.png,S22,watch,5,0.344,0.051,0.293,1
S23_age2_House_trial015.png,S23,house,5,0.343,0.028,0.314,1
S77_age4_Hat_trial008.png,S77,hat,7,0.342,0.034,0.309,1
S91_age5_Cup_trial015.png,S91,cup,8,0.333,0.045,0.288,1
S26_age2_Hat_trial011.png,S26,hat,5,0.332,0.027,0.304,1
S56_age3_Cup_trial011.png,S56,cup,6,0.332,0.036,0.296,1
S7_age1_Rabbit_trial011.png,S7,rabbit,4,0.331,0.055,0.276,1
S72_age4_Rabbit_trial009.png,S72,rabbit,7,0.33,0.044,0.286,1
S105_age6_Hat_trial015.png,S105,hat,9,0.329,0.044,0.285,1
S61_age4_Watch_trial011.png,S61,watch,7,0.328,0.084,0.244,1
S97_age5_Cat_trial015.png,S97,cat,8,0.328,0.05,0.278,1
S52_age3_Watch_trial013.png,S52,watch,6,0.323,0.068,0.255,1
S2_age1_Hat_trial006.png,S2,hat,4,0.323,0.048,0.275,1
S100_age5_Car_trial012.png,S100,car,8,0.319,0.062,0.257,1
S50_age3_Watch_trial010.png,S50,watch,6,0.317,0.06,0.256,1
S4_age1_Bird_trial005.png,S4,bird,4,0.317,0.042,0.275,1
S55_age3_Cup_trial015.png,S55,cup,6,0.316,0.036,0.281,1
S92_age5_House_trial013.png,S92,house,8,0.316,0.221,0.095,0
S74_age4_Cup_trial007.png,S74,cup,7,0.315,0.047,0.268,1
S101_age6_Chair_trial009.png,S101,chair,9,0.315,0.071,0.245,1
S38_age2_Hat_trial011.png,S38,hat,5,0.313,0.044,0.268,1
S74_age4_Airplane_trial015.png,S74,airplane,7,0.31,0.058,0.252,1
S33_age2_House_trial008.png,S33,house,5,0.309,0.055,0.255,1
S22_age2_Cup_trial015.png,S22,cup,5,0.308,0.038,0.27,1
S32_age2_Airplane_trial010.png,S32,airplane,5,0.306,0.05,0.256,1
S17_age1_Bird_trial007.png,S17,bird,4,0.306,0.059,0.247,1
S23_age2_Rabbit_trial008.png,S23,rabbit,5,0.303,0.038,0.265,1
S37_age2_Car_trial007.png,S37,car,5,0.302,0.045,0.257,1
S117_age6_Watch_trial007.png,S117,watch,9,0.301,0.059,0.242,1
S64_age4_Hat_trial013.png,S64,hat,7,0.299,0.045,0.254,1
S36_age2_Bicycle_trial015.png,S36,bike,5,0.298,0.061,0.237,1
S105_age6_Cup_trial011.png,S105,cup,9,0.298,0.04,0.259,1
S53_age3_Cat_trial007.png,S53,cat,6,0.296,0.045,0.251,1
S91_age5_Chair_trial008.png,S91,chair,8,0.296,0.042,0.254,1
S37_age2_Cat_trial012.png,S37,cat,5,0.296,0.051,0.245,1
S54_age3_Cup_trial013.png,S54,cup,6,0.295,0.047,0.249,1
S55_age3_Car_trial011.png,S55,car,6,0.293,0.041,0.252,1
S69_age4_Hat_trial008.png,S69,hat,7,0.293,0.07,0.224,1
S7_age1_Cup_trial012.png,S7,cup,4,0.293,0.04,0.253,1
S48_age3_Bird_trial008.png,S48,bird,6,0.292,0.032,0.261,1
S107_age6_Cup_trial008.png,S107,cup,9,0.291,0.042,0.249,1
S48_age3_Cup_trial015.png,S48,cup,6,0.29,0.035,0.255,1
S38_age2_Rabbit_trial009.png,S38,rabbit,5,0.288,0.059,0.229,1
S97_age5_Rabbit_trial012.png,S97,rabbit,8,0.288,0.036,0.251,1
S35_age2_Watch_trial014.png,S35,watch,5,0.287,0.053,0.235,1
S79_age4_Chair_trial010.png,S79,chair,7,0.286,0.044,0.243,1
S55_age3_Chair_trial013.png,S55,chair,6,0.286,0.044,0.242,1
S74_age4_Car_trial016.png,S74,car,7,0.285,0.05,0.235,1
S51_age3_Cup_trial010.png,S51,cup,6,0.285,0.047,0.238,1
S19_age1_Cup_trial011.png,S19,cup,4,0.284,0.03,0.255,1
S37_age2_Bicycle_trial009.png,S37,bike,5,0.283,0.041,0.242,1
S77_age4_House_trial016.png,S77,house,7,0.283,0.045,0.238,1
S56_age3_House_trial015.png,S56,house,6,0.282,0.038,0.244,1
S27_age2_Cup_trial014.png,S27,cup,5,0.281,0.036,0.244,1
S48_age3_Car_trial005.png,S48,car,6,0.28,0.047,0.233,1
S55_age3_Hat_trial005.png,S55,hat,6,0.28,0.034,0.246,1
S85_age5_Cat_trial008.png,S85,cat,8,0.279,0.05,0.23,1
S88_age5_Hat_trial011.png,S88,hat,8,0.278,0.043,0.234,1
S72_age4_Hat_trial011.png,S72,hat,7,0.277,0.047,0.231,1
S99_age5_Bird_trial014.png,S99,bird,8,0.277,0.042,0.236,1
S72_age4_Chair_trial015.png,S72,chair,7,0.277,0.045,0.232,1
S23_age2_Cat_trial006.png,S23,cat,5,0.277,0.044,0.232,1
S56_age3_Car_trial012.png,S56,car,6,0.276,0.054,0.222,1
S4_age1_Airplane_trial006.png,S4,airplane,4,0.276,0.042,0.234,1
S59_age3_Cup_trial015.png,S59,cup,6,0.274,0.04,0.234,1
S71_age4_Cup_trial007.png,S71,cup,7,0.274,0.043,0.232,1
S120_age6_Cat_trial015.png,S120,cat,9,0.273,0.046,0.227,1
S21_age2_Cat_trial005.png,S21,cat,5,0.273,0.034,0.239,1
S72_age4_Cat_trial014.png,S72,cat,7,0.271,0.04,0.231,1
S58_age3_Watch_trial016.png,S58,watch,6,0.27,0.054,0.216,1
S79_age4_Tree_trial006.png,S79,tree,7,0.27,0.036,0.234,1
S18_age1_Cup_trial015.png,S18,cup,4,0.269,0.028,0.242,1
S32_age2_Cat_trial014.png,S32,cat,5,0.268,0.045,0.223,1
S56_age3_Rabbit_trial016.png,S56,rabbit,6,0.268,0.046,0.222,1
S74_age4_Bird_trial006.png,S74,bird,7,0.267,0.049,0.218,1
S113_age6_Cup_trial013.png,S113,cup,9,0.267,0.052,0.215,1
S61_age4_Car_trial012.png,S61,car,7,0.266,0.064,0.202,1
S56_age3_Cat_trial013.png,S56,cat,6,0.266,0.047,0.219,1
S39_age2_Cat_trial007.png,S39,cat,5,0.266,0.045,0.221,1
S4_age1_Cup_trial011.png,S4,cup,4,0.266,0.038,0.228,1
S23_age2_Chair_trial005.png,S23,chair,5,0.265,0.034,0.23,1
S32_age2_Rabbit_trial005.png,S32,rabbit,5,0.265,0.036,0.229,1
S31_age2_Bird_trial007.png,S31,bird,5,0.264,0.053,0.211,1
S88_age5_Bird_trial015.png,S88,bird,8,0.264,0.039,0.224,1
S4_age1_Rabbit_trial015.png,S4,rabbit,4,0.264,0.047,0.217,1
S48_age3_Cat_trial011.png,S48,cat,6,0.262,0.034,0.228,1
S51_age3_Cat_trial016.png,S51,cat,6,0.262,0.043,0.218,1
S72_age4_Bird_trial016.png,S72,bird,7,0.26,0.033,0.227,1
S99_age5_Cup_trial009.png,S99,cup,8,0.26,0.046,0.214,1
S22_age2_Chair_trial006.png,S22,chair,5,0.26,0.036,0.225,1
S88_age5_Cat_trial013.png,S88,cat,8,0.259,0.039,0.22,1
S2_age1_Cat_trial015.png,S2,cat,4,0.259,0.043,0.216,1
S64_age4_Cup_trial011.png,S64,cup,7,0.258,0.045,0.213,1
S72_age4_Cup_trial010.png,S72,cup,7,0.258,0.042,0.216,1
S113_age6_Bicycle_trial011.png,S113,bike,9,0.258,0.072,0.186,1
S53_age3_Bird_trial005.png,S53,bird,6,0.257,0.044,0.214,1
S2_age1_Rabbit_trial010.png,S2,rabbit,4,0.256,0.029,0.228,1
S7_age1_Airplane_trial009.png,S7,airplane,4,0.256,0.04,0.216,1
S45_age3_Cup_trial008.png,S45,cup,6,0.255,0.052,0.203,1
S71_age4_Bird_trial010.png,S71,bird,7,0.255,0.059,0.196,1
S48_age3_Chair_trial007.png,S48,chair,6,0.255,0.04,0.215,1
S77_age4_Car_trial015.png,S77,car,7,0.254,0.047,0.207,1
S24_age2_Bird_trial009.png,S24,bird,5,0.254,0.062,0.192,1
S7_age1_Hat_trial014.png,S7,hat,4,0.254,0.042,0.212,1
S26_age2_Tree_trial016.png,S26,tree,5,0.253,0.038,0.215,1
S37_age2_House_trial014.png,S37,house,5,0.253,0.045,0.208,1
S5_age1_Hat_trial007.png,S5,hat,4,0.253,0.029,0.224,1
S113_age6_Chair_trial012.png,S113,chair,9,0.252,0.062,0.19,1
S48_age3_Hat_trial016.png,S48,hat,6,0.251,0.03,0.221,1
S116_age6_Airplane_trial014.png,S116,airplane,9,0.251,0.08,0.171,1
S77_age4_Bird_trial011.png,S77,bird,7,0.25,0.042,0.207,1
S105_age6_House_trial016.png,S105,house,9,0.247,0.063,0.185,1
S37_age2_Hat_trial011.png,S37,hat,5,0.246,0.029,0.217,1
S72_age4_Bicycle_trial008.png,S72,bike,7,0.246,0.045,0.201,1
S26_age2_Chair_trial009.png,S26,chair,5,0.246,0.038,0.208,1
S74_age4_Watch_trial013.png,S74,watch,7,0.246,0.047,0.199,1
S71_age4_Cat_trial016.png,S71,cat,7,0.245,0.065,0.18,1
S112_age6_Hat_trial014.png,S112,hat,9,0.245,0.031,0.213,1
S65_age4_Rabbit_trial016.png,S65,rabbit,7,0.243,0.039,0.204,1
S85_age5_Cup_trial014.png,S85,cup,8,0.242,0.044,0.198,1
S36_age2_Cat_trial012.png,S36,cat,5,0.241,0.052,0.19,1
S10_age1_Car_trial006.png,S10,car,4,0.24,0.034,0.206,1
S56_age3_Bird_trial008.png,S56,bird,6,0.24,0.034,0.206,1
S79_age4_Hat_trial015.png,S79,hat,7,0.24,0.029,0.21,1
S45_age3_Bicycle_trial015.png,S45,bike,6,0.24,0.053,0.187,1
S79_age4_Cat_trial009.png,S79,cat,7,0.239,0.029,0.209,1
S59_age3_Bicycle_trial012.png,S59,bike,6,0.239,0.057,0.182,1
S65_age4_Hat_trial014.png,S65,hat,7,0.239,0.044,0.195,1
S18_age1_Watch_trial008.png,S18,watch,4,0.237,0.022,0.215,1
S53_age3_Rabbit_trial011.png,S53,rabbit,6,0.237,0.044,0.193,1
S4_age1_Bicycle_trial007.png,S4,bike,4,0.236,0.041,0.196,1
S36_age2_Airplane_trial014.png,S36,airplane,5,0.236,0.056,0.18,1
S23_age2_Bicycle_trial016.png,S23,bike,5,0.236,0.073,0.163,1
S33_age2_Bird_trial007.png,S33,bird,5,0.235,0.045,0.19,1
S37_age2_Chair_trial013.png,S37,chair,5,0.235,0.034,0.202,1
S50_age3_Bicycle_trial006.png,S50,bike,6,0.234,0.038,0.196,1
S55_age3_Rabbit_trial008.png,S55,rabbit,6,0.234,0.022,0.213,1
S51_age3_Rabbit_trial012.png,S51,rabbit,6,0.233,0.045,0.188,1
S72_age4_House_trial012.png,S72,house,7,0.233,0.051,0.182,1
S48_age3_House_trial013.png,S48,house,6,0.233,0.032,0.201,1
S55_age3_House_trial016.png,S55,house,6,0.232,0.043,0.189,1
S24_age2_Hat_trial016.png,S24,hat,5,0.232,0.027,0.205,1
S20_age1_Cup_trial009.png,S20,cup,4,0.231,0.027,0.204,1
S29_age2_Bicycle_trial005.png,S29,bike,5,0.231,0.046,0.186,1
S52_age3_House_trial010.png,S52,house,6,0.231,0.043,0.187,1
S65_age4_Cat_trial015.png,S65,cat,7,0.231,0.044,0.187,1
S2_age1_Bicycle_trial012.png,S2,bike,4,0.23,0.042,0.188,1
S107_age6_Chair_trial014.png,S107,chair,9,0.229,0.039,0.19,1
S53_age3_Cup_trial013.png,S53,cup,6,0.229,0.032,0.197,1
S28_age2_Cup_trial010.png,S28,cup,5,0.229,0.045,0.185,1
S107_age6_Rabbit_trial005.png,S107,rabbit,9,0.228,0.061,0.167,1
S18_age1_Chair_trial014.png,S18,chair,4,0.228,0.028,0.2,1
S67_age4_Rabbit_trial007.png,S67,rabbit,7,0.228,0.054,0.174,1
S5_age1_Cat_trial011.png,S5,cat,4,0.227,0.035,0.192,1
S12_age1_Cup_trial005.png,S12,cup,4,0.226,0.045,0.181,1
S12_age1_Bicycle_trial007.png,S12,bike,4,0.226,0.041,0.184,1
S4_age1_Tree_trial014.png,S4,tree,4,0.226,0.043,0.184,1
S21_age2_Rabbit_trial011.png,S21,rabbit,5,0.226,0.05,0.176,1
S10_age1_Cup_trial005.png,S10,cup,4,0.226,0.025,0.202,1
S117_age6_Bird_trial011.png,S117,bird,9,0.225,0.046,0.18,1
S45_age3_Cat_trial006.png,S45,cat,6,0.225,0.049,0.176,1
S5_age1_Rabbit_trial005.png,S5,rabbit,4,0.225,0.035,0.19,1
S98_age5_Cup_trial015.png,S98,cup,8,0.224,0.038,0.186,1
S59_age3_Chair_trial007.png,S59,chair,6,0.224,0.038,0.185,1
S77_age4_Cup_trial005.png,S77,cup,7,0.224,0.043,0.181,1
S120_age6_Bird_trial009.png,S120,bird,9,0.224,0.047,0.178,1
S49_age3_Rabbit_trial016.png,S49,rabbit,6,0.223,0.029,0.194,1
S5_age1_Cup_trial012.png,S5,cup,4,0.223,0.03,0.192,1
S92_age5_Cup_trial010.png,S92,cup,8,0.223,0.049,0.174,1
S5_age1_Car_trial006.png,S5,car,4,0.223,0.039,0.183,1
S18_age1_Hat_trial007.png,S18,hat,4,0.223,0.026,0.197,1
S74_age4_Cat_trial009.png,S74,cat,7,0.222,0.041,0.18,1
S50_age3_Cat_trial016.png,S50,cat,6,0.222,0.043,0.179,1
S7_age1_Cat_trial005.png,S7,cat,4,0.222,0.044,0.178,1
S80_age4_Rabbit_trial016.png,S80,rabbit,7,0.221,0.053,0.168,1
S31_age2_Bicycle_trial006.png,S31,bike,5,0.221,0.044,0.176,1
S120_age6_House_trial011.png,S120,house,9,0.221,0.039,0.181,1
S112_age6_Rabbit_trial006.png,S112,rabbit,9,0.22,0.032,0.188,0
S112_age6_Cat_trial016.png,S112,cat,9,0.22,0.038,0.182,1
S22_age2_House_trial013.png,S22,house,5,0.22,0.061,0.159,0
S90_age5_Cat_trial013.png,S90,cat,8,0.22,0.048,0.172,1
S63_age4_Bird_trial011.png,S63,bird,7,0.22,0.041,0.18,1
S86_age5_Cat_trial015.png,S86,cat,8,0.219,0.051,0.168,0
S59_age3_Rabbit_trial006.png,S59,rabbit,6,0.219,0.048,0.171,0
S113_age6_Rabbit_trial009.png,S113,rabbit,9,0.218,0.035,0.183,0
S10_age1_Cat_trial008.png,S10,cat,4,0.218,0.045,0.173,0
S45_age3_Hat_trial009.png,S45,hat,6,0.218,0.032,0.186,0
S110_age6_Tree_trial009.png,S110,tree,9,0.218,0.042,0.176,0
S100_age5_Hat_trial007.png,S100,hat,8,0.218,0.041,0.177,0
S58_age3_Bird_trial015.png,S58,bird,6,0.217,0.043,0.174,0
S7_age1_Bird_trial010.png,S7,bird,4,0.217,0.012,0.205,0
S50_age3_Cup_trial011.png,S50,cup,6,0.217,0.048,0.169,0
S71_age4_Rabbit_trial005.png,S71,rabbit,7,0.217,0.05,0.167,0
S20_age1_Car_trial007.png,S20,car,4,0.215,0.031,0.184,0
S5_age1_Bicycle_trial015.png,S5,bike,4,0.215,0.037,0.178,0
S77_age4_Rabbit_trial009.png,S77,rabbit,7,0.215,0.029,0.186,0
S37_age2_Tree_trial016.png,S37,tree,5,0.215,0.034,0.181,0
S22_age2_Hat_trial008.png,S22,hat,5,0.215,0.026,0.189,0
S22_age2_Rabbit_trial016.png,S22,rabbit,5,0.215,0.026,0.189,0
S53_age3_Bicycle_trial010.png,S53,bike,6,0.214,0.05,0.164,0
S36_age2_Cup_trial008.png,S36,cup,5,0.214,0.052,0.162,0
S31_age2_Watch_trial016.png,S31,watch,5,0.214,0.045,0.169,0
S77_age4_Tree_trial012.png,S77,tree,7,0.214,0.032,0.182,0
S51_age3_Chair_trial009.png,S51,chair,6,0.213,0.048,0.165,0
S11_age1_Bird_trial011.png,S11,bird,4,0.213,0.067,0.147,0
S94_age5_Chair_trial010.png,S94,chair,8,0.213,0.116,0.097,0
S37_age2_Rabbit_trial015.png,S37,rabbit,5,0.213,0.055,0.158,0
S98_age5_Hat_trial012.png,S98,hat,8,0.212,0.032,0.18,0
S20_age1_Hat_trial006.png,S20,hat,4,0.212,0.029,0.184,0
S75_age4_Cat_trial014.png,S75,cat,7,0.212,0.062,0.15,0
S74_age4_Hat_trial011.png,S74,hat,7,0.211,0.048,0.163,0
S39_age2_Airplane_trial008.png,S39,airplane,5,0.211,0.024,0.187,0
S39_age2_Cup_trial011.png,S39,cup,5,0.211,0.022,0.189,0
S36_age2_Bird_trial016.png,S36,bird,5,0.21,0.037,0.173,0
S88_age5_Rabbit_trial008.png,S88,rabbit,8,0.21,0.039,0.172,0
S7_age1_Bicycle_trial008.png,S7,bike,4,0.209,0.034,0.175,0
S48_age3_Rabbit_trial014.png,S48,rabbit,6,0.209,0.03,0.179,0
S91_age5_Bicycle_trial012.png,S91,bike,8,0.209,0.041,0.168,0
S65_age4_Cup_trial008.png,S65,cup,7,0.208,0.051,0.157,0
S101_age6_House_trial005.png,S101,house,9,0.208,0.087,0.12,0
S46_age3_Watch_trial011.png,S46,watch,6,0.208,0.066,0.142,0
S50_age3_House_trial007.png,S50,house,6,0.207,0.058,0.149,0
S116_age6_Cat_trial012.png,S116,cat,9,0.207,0.037,0.17,0
S51_age3_Watch_trial014.png,S51,watch,6,0.207,0.046,0.161,0
S36_age2_House_trial010.png,S36,house,5,0.207,0.073,0.134,0
S71_age4_Car_trial009.png,S71,car,7,0.207,0.054,0.153,0
S86_age5_Chair_trial008.png,S86,chair,8,0.207,0.058,0.148,0
S3_age1_Airplane_trial005.png,S3,airplane,4,0.207,0.102,0.106,0
S120_age6_Bicycle_trial010.png,S120,bike,9,0.207,0.043,0.164,0
S32_age2_Bicycle_trial009.png,S32,bike,5,0.206,0.033,0.173,0
S98_age5_Cat_trial009.png,S98,cat,8,0.206,0.046,0.16,0
S32_age2_Car_trial011.png,S32,car,5,0.206,0.038,0.168,0
S45_age3_Rabbit_trial011.png,S45,rabbit,6,0.205,0.053,0.151,0
S77_age4_Cat_trial007.png,S77,cat,7,0.205,0.036,0.17,0
S26_age2_Bird_trial008.png,S26,bird,5,0.204,0.038,0.166,0
S119_age6_Bicycle_trial009.png,S119,bike,9,0.204,0.07,0.134,0
S120_age6_Cup_trial006.png,S120,cup,9,0.204,0.042,0.163,0
S113_age6_House_trial007.png,S113,house,9,0.204,0.068,0.137,0
S112_age6_Bicycle_trial010.png,S112,bike,9,0.203,0.048,0.155,0
S53_age3_Airplane_trial009.png,S53,airplane,6,0.203,0.047,0.156,0
S91_age5_Cat_trial007.png,S91,cat,8,0.203,0.06,0.143,0
S116_age6_Bird_trial010.png,S116,bird,9,0.203,0.068,0.136,0
S26_age2_House_trial014.png,S26,house,5,0.203,0.034,0.169,0
S86_age5_Bird_trial014.png,S86,bird,8,0.202,0.052,0.149,0
S50_age3_Car_trial015.png,S50,car,6,0.201,0.067,0.134,0
S56_age3_Tree_trial006.png,S56,tree,6,0.199,0.036,0.163,0
S68_age4_House_trial014.png,S68,house,7,0.199,0.049,0.15,0
S79_age4_Cup_trial011.png,S79,cup,7,0.198,0.035,0.163,0
S38_age2_Bicycle_trial015.png,S38,bike,5,0.198,0.053,0.145,0
S118_age6_Rabbit_trial012.png,S118,rabbit,9,0.198,0.041,0.157,0
S53_age3_House_trial015.png,S53,house,6,0.198,0.066,0.131,0
S90_age5_Tree_trial006.png,S90,tree,8,0.198,0.042,0.155,0
S68_age4_Rabbit_trial005.png,S68,rabbit,7,0.197,0.044,0.152,0
S58_age3_Cup_trial011.png,S58,cup,6,0.197,0.041,0.156,0
S92_age5_Car_trial007.png,S92,car,8,0.197,0.066,0.131,0
S112_age6_Bird_trial011.png,S112,bird,9,0.197,0.044,0.153,0
S105_age6_Chair_trial014.png,S105,chair,9,0.196,0.034,0.162,0
S107_age6_Bicycle_trial015.png,S107,bike,9,0.196,0.039,0.157,0
S74_age4_Tree_trial010.png,S74,tree,7,0.196,0.029,0.167,0
S71_age4_Hat_trial006.png,S71,hat,7,0.196,0.039,0.157,0
S39_age2_Car_trial006.png,S39,car,5,0.196,0.049,0.146,0
S54_age3_Watch_trial012.png,S54,watch,6,0.196,0.046,0.15,0
S6_age1_Chair_trial012.png,S6,chair,4,0.195,0.02,0.176,0
S101_age6_Tree_trial007.png,S101,tree,9,0.195,0.064,0.131,0
S71_age4_Bicycle_trial013.png,S71,bike,7,0.195,0.054,0.14,0
S118_age6_House_trial011.png,S118,house,9,0.195,0.058,0.138,0
S120_age6_Rabbit_trial012.png,S120,rabbit,9,0.195,0.038,0.157,0
S116_age6_Watch_trial007.png,S116,watch,9,0.194,0.073,0.121,0
S80_age4_Bicycle_trial010.png,S80,bike,7,0.194,0.037,0.157,0
S56_age3_Airplane_trial009.png,S56,airplane,6,0.194,0.032,0.162,0
S24_age2_Airplane_trial008.png,S24,airplane,5,0.193,0.053,0.139,0
S42_age3_Cup_trial014.png,S42,cup,6,0.193,0.045,0.148,0
S75_age4_Car_trial009.png,S75,car,7,0.192,0.064,0.128,0
S50_age3_Hat_trial012.png,S50,hat,6,0.192,0.03,0.163,0
S98_age5_Watch_trial011.png,S98,watch,8,0.192,0.038,0.155,0
S112_age6_Watch_trial012.png,S112,watch,9,0.192,0.032,0.16,0
S49_age3_Cup_trial013.png,S49,cup,6,0.192,0.037,0.155,0
S45_age3_Tree_trial012.png,S45,tree,6,0.191,0.049,0.142,0
S46_age3_Cup_trial013.png,S46,cup,6,0.191,0.042,0.15,0
S106_age6_Bird_trial015.png,S106,bird,9,0.191,0.044,0.147,0
S79_age4_House_trial016.png,S79,house,7,0.191,0.038,0.153,0
S79_age4_Airplane_trial012.png,S79,airplane,7,0.191,0.043,0.148,0
S8_age1_Watch_trial009.png,S8,watch,4,0.19,0.032,0.158,0
S112_age6_Car_trial013.png,S112,car,9,0.19,0.049,0.14,0
S113_age6_Hat_trial008.png,S113,hat,9,0.189,0.034,0.155,0
S26_age2_Car_trial007.png,S26,car,5,0.189,0.042,0.147,0
S52_age3_Bird_trial007.png,S52,bird,6,0.189,0.036,0.153,0
S45_age3_House_trial010.png,S45,house,6,0.189,0.067,0.123,0
S54_age3_Car_trial005.png,S54,car,6,0.189,0.053,0.136,0
S100_age5_Cup_trial008.png,S100,cup,8,0.189,0.051,0.138,0
S64_age4_Car_trial014.png,S64,car,7,0.189,0.057,0.132,0
S20_age1_Cat_trial008.png,S20,cat,4,0.188,0.024,0.164,0
S99_age5_Cat_trial005.png,S99,cat,8,0.188,0.057,0.131,0
S25_age2_Tree_trial016.png,S25,tree,5,0.188,0.046,0.142,0
S101_age6_Cup_trial010.png,S101,cup,9,0.187,0.041,0.146,0
S53_age3_Hat_trial014.png,S53,hat,6,0.187,0.036,0.151,0
S27_age2_Tree_trial012.png,S27,tree,5,0.187,0.028,0.159,0
S50_age3_Chair_trial014.png,S50,chair,6,0.186,0.024,0.162,0
S32_age2_Hat_trial015.png,S32,hat,5,0.186,0.026,0.16,0
S97_age5_Hat_trial005.png,S97,hat,8,0.186,0.031,0.156,0
S27_age2_Hat_trial015.png,S27,hat,5,0.186,0.027,0.159,0
S51_age3_House_trial005.png,S51,house,6,0.185,0.041,0.144,0
S64_age4_Bicycle_trial015.png,S64,bike,7,0.185,0.037,0.148,0
S27_age2_House_trial009.png,S27,house,5,0.185,0.038,0.146,0
S28_age2_Rabbit_trial013.png,S28,rabbit,5,0.184,0.033,0.151,0
S63_age4_Chair_trial013.png,S63,chair,7,0.184,0.053,0.131,0
S91_age5_Hat_trial013.png,S91,hat,8,0.184,0.028,0.157,0
S72_age4_Car_trial013.png,S72,car,7,0.184,0.038,0.146,0
S24_age2_Watch_trial012.png,S24,watch,5,0.183,0.043,0.14,0
S2_age1_House_trial008.png,S2,house,4,0.183,0.04,0.142,0
S26_age2_Cat_trial010.png,S26,cat,5,0.183,0.03,0.153,0
S66_age4_Cup_trial015.png,S66,cup,7,0.183,0.05,0.133,0
S95_age5_House_trial006.png,S95,house,8,0.183,0.102,0.081,0
S25_age2_Watch_trial015.png,S25,watch,5,0.183,0.042,0.141,0
S107_age6_Hat_trial007.png,S107,hat,9,0.183,0.029,0.153,0
S36_age2_Car_trial011.png,S36,car,5,0.182,0.046,0.136,0
S33_age2_Cat_trial012.png,S33,cat,5,0.182,0.036,0.146,0
S23_age2_Car_trial011.png,S23,car,5,0.182,0.058,0.124,0
S14_age1_Tree_trial007.png,S14,tree,4,0.182,0.017,0.165,0
S6_age1_Hat_trial005.png,S6,hat,4,0.182,0.026,0.156,0
S1_age1_Chair_trial008.png,S1,chair,4,0.182,0.047,0.136,0
S18_age1_Car_trial009.png,S18,car,4,0.181,0.019,0.162,0
S21_age2_Bird_trial013.png,S21,bird,5,0.18,0.03,0.15,0
S74_age4_House_trial012.png,S74,house,7,0.18,0.047,0.133,0
S63_age4_House_trial006.png,S63,house,7,0.179,0.115,0.064,0
S24_age2_Cup_trial014.png,S24,cup,5,0.179,0.039,0.14,0
S113_age6_Cat_trial006.png,S113,cat,9,0.179,0.039,0.14,0
S107_age6_Car_trial009.png,S107,car,9,0.179,0.044,0.135,0
S39_age2_Tree_trial013.png,S39,tree,5,0.179,0.018,0.161,0
S60_age3_Bicycle_trial015.png,S60,bike,6,0.179,0.059,0.12,0
S87_age5_Bicycle_trial015.png,S87,bike,8,0.179,0.027,0.153,0
S10_age1_Bicycle_trial007.png,S10,bike,4,0.178,0.028,0.149,0
S91_age5_House_trial014.png,S91,house,8,0.178,0.063,0.115,0
S56_age3_Chair_trial010.png,S56,chair,6,0.177,0.034,0.143,0
S92_age5_Bird_trial012.png,S92,bird,8,0.177,0.033,0.144,0
S27_age2_Car_trial016.png,S27,car,5,0.177,0.038,0.139,0
S33_age2_Chair_trial013.png,S33,chair,5,0.177,0.029,0.148,0
S101_age6_Rabbit_trial006.png,S101,rabbit,9,0.177,0.045,0.132,0
S36_age2_Hat_trial009.png,S36,hat,5,0.176,0.039,0.138,0
S90_age5_Chair_trial011.png,S90,chair,8,0.176,0.065,0.112,0
S108_age6_Watch_trial010.png,S108,watch,9,0.175,0.045,0.13,0
S32_age2_Watch_trial007.png,S32,watch,5,0.174,0.026,0.148,0
S1_age1_Rabbit_trial010.png,S1,rabbit,4,0.174,0.066,0.109,0
S59_age3_Cat_trial008.png,S59,cat,6,0.174,0.045,0.129,0
S115_age6_Bicycle_trial008.png,S115,bike,9,0.174,0.062,0.111,0
S61_age4_Cup_trial016.png,S61,cup,7,0.174,0.041,0.133,0
S22_age2_Bird_trial011.png,S22,bird,5,0.174,0.034,0.141,0
S42_age3_Hat_trial012.png,S42,hat,6,0.174,0.024,0.149,0
S97_age5_Tree_trial016.png,S97,tree,8,0.173,0.039,0.134,0
S27_age2_Bicycle_trial006.png,S27,bike,5,0.173,0.042,0.131,0
S77_age4_Chair_trial010.png,S77,chair,7,0.173,0.033,0.14,0
S43_age3_Cup_trial013.png,S43,cup,6,0.173,0.044,0.129,0
S57_age3_Cat_trial008.png,S57,cat,6,0.173,0.014,0.159,0
S87_age5_Rabbit_trial013.png,S87,rabbit,8,0.172,0.034,0.138,0
S108_age6_Hat_trial006.png,S108,hat,9,0.172,0.022,0.15,0
S25_age2_Rabbit_trial013.png,S25,rabbit,5,0.172,0.029,0.143,0
S54_age3_Bird_trial010.png,S54,bird,6,0.171,0.043,0.128,0
S111_age6_Chair_trial005.png,S111,chair,9,0.171,0.074,0.097,0
S72_age4_Airplane_trial005.png,S72,airplane,7,0.171,0.03,0.141,0
S74_age4_Rabbit_trial008.png,S74,rabbit,7,0.17,0.031,0.139,0
S29_age2_Rabbit_trial013.png,S29,rabbit,5,0.17,0.045,0.125,0
S55_age3_Bicycle_trial006.png,S55,bike,6,0.17,0.023,0.147,0
S119_age6_Car_trial010.png,S119,car,9,0.17,0.06,0.11,0
S99_age5_House_trial010.png,S99,house,8,0.17,0.052,0.118,0
S26_age2_Rabbit_trial013.png,S26,rabbit,5,0.17,0.027,0.143,0
S77_age4_Watch_trial013.png,S77,watch,7,0.17,0.03,0.14,0
S20_age1_House_trial010.png,S20,house,4,0.169,0.02,0.15,0
S101_age6_Car_trial013.png,S101,car,9,0.169,0.045,0.124,0
S31_age2_Cat_trial009.png,S31,cat,5,0.168,0.04,0.127,0
S104_age6_Watch_trial005.png,S104,watch,9,0.168,0.051,0.117,0
S2_age1_Car_trial016.png,S2,car,4,0.168,0.033,0.135,0
S18_age1_Bird_trial013.png,S18,bird,4,0.168,0.028,0.14,0
S17_age1_Bicycle_trial006.png,S17,bike,4,0.168,0.068,0.1,0
S55_age3_Airplane_trial014.png,S55,airplane,6,0.167,0.032,0.135,0
S29_age2_Hat_trial015.png,S29,hat,5,0.167,0.042,0.125,0
S113_age6_Tree_trial010.png,S113,tree,9,0.167,0.07,0.097,0
S23_age2_Watch_trial007.png,S23,watch,5,0.167,0.047,0.12,0
S18_age1_Cat_trial010.png,S18,cat,4,0.167,0.021,0.146,0
S97_age5_House_trial011.png,S97,house,8,0.167,0.04,0.126,0
S89_age5_Bicycle_trial011.png,S89,bike,8,0.167,0.048,0.12,0
S6_age1_Airplane_trial007.png,S6,airplane,4,0.167,0.023,0.143,0
S120_age6_Chair_trial016.png,S120,chair,9,0.166,0.029,0.136,0
S98_age5_Airplane_trial016.png,S98,airplane,8,0.166,0.043,0.122,0
S79_age4_Bicycle_trial013.png,S79,bike,7,0.166,0.029,0.137,0
S70_age4_Hat_trial014.png,S70,hat,7,0.165,0.03,0.135,0
S120_age6_Watch_trial014.png,S120,watch,9,0.165,0.032,0.134,0
S1_age1_Airplane_trial007.png,S1,airplane,4,0.165,0.054,0.111,0
S120_age6_Tree_trial013.png,S120,tree,9,0.165,0.029,0.136,0
S83_age5_Cup_trial011.png,S83,cup,8,0.165,0.051,0.114,0
S101_age6_Cat_trial011.png,S101,cat,9,0.165,0.045,0.12,0
S41_age3_Cat_trial011.png,S41,cat,6,0.165,0.046,0.119,0
S28_age2_Airplane_trial006.png,S28,airplane,5,0.165,0.032,0.133,0
S78_age4_Rabbit_trial015.png,S78,rabbit,7,0.165,0.06,0.104,0
S90_age5_Cup_trial008.png,S90,cup,8,0.164,0.053,0.111,0
S92_age5_Airplane_trial006.png,S92,airplane,8,0.164,0.071,0.093,0
S109_age6_Car_trial014.png,S109,car,9,0.164,0.065,0.098,0
S29_age2_Bird_trial006.png,S29,bird,5,0.164,0.037,0.127,0
S62_age4_Bird_trial010.png,S62,bird,7,0.164,0.042,0.123,0
S80_age4_House_trial005.png,S80,house,7,0.164,0.047,0.117,0
S85_age5_Rabbit_trial010.png,S85,rabbit,8,0.164,0.045,0.119,0
S112_age6_House_trial007.png,S112,house,9,0.163,0.068,0.095,0
S105_age6_Rabbit_trial012.png,S105,rabbit,9,0.163,0.035,0.128,0
S64_age4_Chair_trial012.png,S64,chair,7,0.163,0.036,0.126,0
S116_age6_Tree_trial006.png,S116,tree,9,0.163,0.047,0.115,0
S22_age2_Cat_trial005.png,S22,cat,5,0.163,0.039,0.124,0
S73_age4_Bird_trial008.png,S73,bird,7,0.162,0.045,0.117,0
S93_age5_Bicycle_trial013.png,S93,bike,8,0.162,0.08,0.082,0
S12_age1_Cat_trial011.png,S12,cat,4,0.162,0.05,0.112,0
S33_age2_Airplane_trial005.png,S33,airplane,5,0.162,0.035,0.127,0
S70_age4_Car_trial011.png,S70,car,7,0.162,0.054,0.108,0
S88_age5_Cup_trial012.png,S88,cup,8,0.161,0.039,0.122,0
S64_age4_Bird_trial005.png,S64,bird,7,0.161,0.041,0.12,0
S116_age6_Rabbit_trial016.png,S116,rabbit,9,0.16,0.041,0.119,0
S97_age5_Chair_trial009.png,S97,chair,8,0.16,0.019,0.141,0
S80_age4_Cat_trial012.png,S80,cat,7,0.16,0.043,0.117,0
S60_age3_Cup_trial007.png,S60,cup,6,0.16,0.054,0.106,0
S25_age2_Bird_trial008.png,S25,bird,5,0.159,0.044,0.115,0
S75_age4_Tree_trial015.png,S75,tree,7,0.159,0.047,0.112,0
S17_age1_Cup_trial014.png,S17,cup,4,0.159,0.052,0.107,0
S80_age4_Watch_trial015.png,S80,watch,7,0.159,0.056,0.103,0
S97_age5_Car_trial014.png,S97,car,8,0.159,0.041,0.118,0
S20_age1_Bird_trial005.png,S20,bird,4,0.159,0.02,0.139,0
S97_age5_Bicycle_trial006.png,S97,bike,8,0.158,0.032,0.126,0
S22_age2_Tree_trial014.png,S22,tree,5,0.158,0.028,0.13,0
S35_age2_Cup_trial010.png,S35,cup,5,0.158,0.043,0.115,0
S107_age6_Tree_trial010.png,S107,tree,9,0.158,0.019,0.139,0
S102_age6_Watch_trial009.png,S102,watch,9,0.157,0.061,0.095,0
S46_age3_Airplane_trial006.png,S46,airplane,6,0.157,0.044,0.113,0
S44_age3_Rabbit_trial016.png,S44,rabbit,6,0.157,0.041,0.116,0
S101_age6_Hat_trial008.png,S101,hat,9,0.157,0.033,0.125,0
S20_age1_Bicycle_trial015.png,S20,bike,4,0.157,0.025,0.132,0
S79_age4_Rabbit_trial014.png,S79,rabbit,7,0.157,0.03,0.128,0
S2_age1_Tree_trial009.png,S2,tree,4,0.157,0.027,0.13,0
S24_age2_Rabbit_trial011.png,S24,rabbit,5,0.157,0.033,0.124,0
S49_age3_Tree_trial014.png,S49,tree,6,0.157,0.031,0.126,0
S37_age2_Watch_trial005.png,S37,watch,5,0.156,0.026,0.129,0
S3_age1_Tree_trial015.png,S3,tree,4,0.156,0.012,0.144,0
S2_age1_Chair_trial005.png,S2,chair,4,0.156,0.032,0.125,0
S43_age3_Rabbit_trial015.png,S43,rabbit,6,0.156,0.058,0.098,0
S28_age2_Bicycle_trial005.png,S28,bike,5,0.156,0.048,0.109,0
S34_age2_Cup_trial005.png,S34,cup,5,0.155,0.047,0.109,0
S99_age5_Chair_trial012.png,S99,chair,8,0.155,0.047,0.108,0
S99_age5_Hat_trial007.png,S99,hat,8,0.155,0.034,0.122,0
S54_age3_House_trial015.png,S54,house,6,0.155,0.071,0.084,0
S90_age5_Bird_trial010.png,S90,bird,8,0.155,0.041,0.114,0
S11_age1_Rabbit_trial006.png,S11,rabbit,4,0.155,0.059,0.095,0
S119_age6_Rabbit_trial008.png,S119,rabbit,9,0.154,0.046,0.108,0
S90_age5_Rabbit_trial007.png,S90,rabbit,8,0.154,0.041,0.112,0
S112_age6_Tree_trial005.png,S112,tree,9,0.154,0.029,0.125,0
S42_age3_Chair_trial007.png,S42,chair,6,0.154,0.037,0.116,0
S5_age1_House_trial013.png,S5,house,4,0.154,0.048,0.106,0
S75_age4_Cup_trial012.png,S75,cup,7,0.154,0.039,0.114,0
S90_age5_House_trial016.png,S90,house,8,0.154,0.063,0.091,0
S86_age5_Bicycle_trial010.png,S86,bike,8,0.154,0.042,0.112,0
S20_age1_Airplane_trial016.png,S20,airplane,4,0.153,0.021,0.132,0
S108_age6_Bicycle_trial016.png,S108,bike,9,0.153,0.05,0.103,0
S53_age3_Tree_trial012.png,S53,tree,6,0.153,0.028,0.125,0
S22_age2_Airplane_trial012.png,S22,airplane,5,0.153,0.035,0.117,0
S66_age4_Watch_trial006.png,S66,watch,7,0.153,0.056,0.098,0
S63_age4_Bicycle_trial012.png,S63,bike,7,0.153,0.042,0.111,0
S108_age6_Cup_trial005.png,S108,cup,9,0.153,0.04,0.112,0
S11_age1_Chair_trial013.png,S11,chair,4,0.153,0.06,0.093,0
S120_age6_Car_trial008.png,S120,car,9,0.153,0.056,0.096,0
S46_age3_House_trial015.png,S46,house,6,0.152,0.043,0.109,0
S4_age1_Chair_trial009.png,S4,chair,4,0.152,0.028,0.124,0
S68_age4_Tree_trial015.png,S68,tree,7,0.152,0.062,0.09,0
S118_age6_Bicycle_trial007.png,S118,bike,9,0.152,0.073,0.079,0
S53_age3_Chair_trial008.png,S53,chair,6,0.152,0.033,0.119,0
S94_age5_House_trial016.png,S94,house,8,0.152,0.093,0.06,0
S65_age4_Bird_trial005.png,S65,bird,7,0.152,0.028,0.124,0
S48_age3_Bicycle_trial010.png,S48,bike,6,0.152,0.034,0.118,0
S92_age5_Hat_trial011.png,S92,hat,8,0.152,0.046,0.106,0
S112_age6_Airplane_trial015.png,S112,airplane,9,0.151,0.036,0.115,0
S21_age2_Hat_trial008.png,S21,hat,5,0.151,0.032,0.119,0
S117_age6_Hat_trial013.png,S117,hat,9,0.151,0.044,0.107,0
S114_age6_House_trial007.png,S114,house,9,0.151,0.066,0.084,0
S11_age1_Watch_trial016.png,S11,watch,4,0.151,0.056,0.096,0
S52_age3_Cup_trial008.png,S52,cup,6,0.15,0.046,0.104,0
S60_age3_Bird_trial014.png,S60,bird,6,0.15,0.033,0.117,0
S10_age1_Airplane_trial013.png,S10,airplane,4,0.15,0.046,0.104,0
S50_age3_Rabbit_trial008.png,S50,rabbit,6,0.15,0.025,0.125,0
S48_age3_Airplane_trial009.png,S48,airplane,6,0.15,0.028,0.122,0
S29_age2_Car_trial007.png,S29,car,5,0.15,0.026,0.124,0
S10_age1_Bird_trial014.png,S10,bird,4,0.15,0.037,0.113,0
S21_age2_Chair_trial006.png,S21,chair,5,0.149,0.056,0.094,0
S17_age1_Rabbit_trial009.png,S17,rabbit,4,0.149,0.053,0.096,0
S88_age5_Chair_trial014.png,S88,chair,8,0.148,0.031,0.117,0
S15_age1_Hat_trial016.png,S15,hat,4,0.148,0.028,0.12,0
S116_age6_Hat_trial009.png,S116,hat,9,0.148,0.033,0.115,0
S22_age2_Car_trial009.png,S22,car,5,0.148,0.034,0.114,0
S70_age4_Chair_trial013.png,S70,chair,7,0.147,0.029,0.118,0
S64_age4_Cat_trial006.png,S64,cat,7,0.147,0.035,0.112,0
S31_age2_Car_trial008.png,S31,car,5,0.147,0.045,0.102,0
S42_age3_Airplane_trial016.png,S42,airplane,6,0.147,0.038,0.109,0
S68_age4_Bird_trial007.png,S68,bird,7,0.147,0.047,0.1,0
S113_age6_Watch_trial005.png,S113,watch,9,0.146,0.033,0.112,0
S22_age2_Bicycle_trial007.png,S22,bike,5,0.146,0.034,0.112,0
S96_age5_Cup_trial010.png,S96,cup,8,0.146,0.048,0.098,0
S61_age4_Bicycle_trial005.png,S61,bike,7,0.146,0.052,0.094,0
S46_age3_Rabbit_trial016.png,S46,rabbit,6,0.146,0.036,0.11,0
S66_age4_Hat_trial016.png,S66,hat,7,0.146,0.053,0.093,0
S106_age6_House_trial013.png,S106,house,9,0.146,0.053,0.093,0
S3_age1_Cat_trial009.png,S3,cat,4,0.146,0.06,0.086,0
S7_age1_Tree_trial015.png,S7,tree,4,0.146,0.044,0.102,0
S50_age3_Airplane_trial005.png,S50,airplane,6,0.146,0.031,0.115,0
S26_age2_Watch_trial015.png,S26,watch,5,0.146,0.022,0.124,0
S30_age2_Watch_trial016.png,S30,watch,5,0.146,0.03,0.115,0
S77_age4_Bicycle_trial014.png,S77,bike,7,0.145,0.038,0.108,0
S74_age4_Chair_trial005.png,S74,chair,7,0.144,0.03,0.115,0
S12_age1_House_trial014.png,S12,house,4,0.144,0.037,0.107,0
S31_age2_Cup_trial011.png,S31,cup,5,0.144,0.03,0.114,0
S114_age6_Cup_trial008.png,S114,cup,9,0.144,0.038,0.106,0
S85_age5_Chair_trial009.png,S85,chair,8,0.144,0.043,0.101,0
S44_age3_Cat_trial014.png,S44,cat,6,0.144,0.051,0.092,0
S28_age2_Tree_trial015.png,S28,tree,5,0.143,0.03,0.113,0
S49_age3_Hat_trial006.png,S49,hat,6,0.143,0.045,0.098,0
S107_age6_Airplane_trial012.png,S107,airplane,9,0.143,0.057,0.086,0
S62_age4_Cat_trial011.png,S62,cat,7,0.143,0.049,0.094,0
S87_age5_Tree_trial009.png,S87,tree,8,0.143,0.032,0.111,0
S107_age6_Bird_trial016.png,S107,bird,9,0.143,0.034,0.109,0
S92_age5_Tree_trial015.png,S92,tree,8,0.142,0.08,0.062,0
S119_age6_Cup_trial006.png,S119,cup,9,0.142,0.05,0.093,0
S44_age3_Chair_trial013.png,S44,chair,6,0.142,0.031,0.111,0
S75_age4_Rabbit_trial016.png,S75,rabbit,7,0.142,0.05,0.092,0
S105_age6_Cat_trial010.png,S105,cat,9,0.142,0.034,0.108,0
S23_age2_Hat_trial014.png,S23,hat,5,0.142,0.035,0.107,0
S64_age4_House_trial008.png,S64,house,7,0.142,0.048,0.094,0
S96_age5_Cat_trial012.png,S96,cat,8,0.142,0.046,0.097,0
S114_age6_Hat_trial016.png,S114,hat,9,0.141,0.054,0.087,0
S33_age2_Car_trial009.png,S33,car,5,0.141,0.033,0.107,0
S27_age2_Rabbit_trial010.png,S27,rabbit,5,0.141,0.034,0.107,0
S55_age3_Watch_trial010.png,S55,watch,6,0.141,0.024,0.117,0
S27_age2_Airplane_trial005.png,S27,airplane,5,0.141,0.034,0.108,0
S54_age3_Bicycle_trial009.png,S54,bike,6,0.141,0.041,0.101,0
S6_age1_Car_trial010.png,S6,car,4,0.14,0.026,0.114,0
S95_age5_Chair_trial012.png,S95,chair,8,0.14,0.075,0.065,0
S90_age5_Bicycle_trial015.png,S90,bike,8,0.14,0.057,0.083,0
S62_age4_Cup_trial012.png,S62,cup,7,0.14,0.044,0.096,0
S35_age2_House_trial011.png,S35,house,5,0.139,0.052,0.087,0
S104_age6_Hat_trial010.png,S104,hat,9,0.139,0.047,0.093,0
S62_age4_Rabbit_trial006.png,S62,rabbit,7,0.139,0.048,0.091,0
S68_age4_Airplane_trial008.png,S68,airplane,7,0.139,0.039,0.1,0
S44_age3_Cup_trial012.png,S44,cup,6,0.139,0.043,0.095,0
S51_age3_Airplane_trial006.png,S51,airplane,6,0.138,0.021,0.117,0
S33_age2_Rabbit_trial010.png,S33,rabbit,5,0.138,0.031,0.107,0
S104_age6_Rabbit_trial012.png,S104,rabbit,9,0.138,0.051,0.086,0
S101_age6_Bicycle_trial016.png,S101,bike,9,0.138,0.033,0.105,0
S118_age6_Car_trial009.png,S118,car,9,0.138,0.052,0.085,0
S111_age6_Bird_trial007.png,S111,bird,9,0.138,0.033,0.105,0
S31_age2_Rabbit_trial014.png,S31,rabbit,5,0.138,0.036,0.102,0
S42_age3_Bicycle_trial009.png,S42,bike,6,0.138,0.039,0.099,0
S52_age3_Cat_trial014.png,S52,cat,6,0.138,0.038,0.1,0
S100_age5_House_trial006.png,S100,house,8,0.137,0.062,0.075,0
S49_age3_Bird_trial008.png,S49,bird,6,0.137,0.035,0.101,0
S70_age4_Cup_trial007.png,S70,cup,7,0.137,0.035,0.102,0
S68_age4_Bicycle_trial009.png,S68,bike,7,0.137,0.048,0.088,0
S91_age5_Bird_trial011.png,S91,bird,8,0.137,0.032,0.106,0
S32_age2_Cup_trial016.png,S32,cup,5,0.137,0.028,0.109,0
S57_age3_Bird_trial012.png,S57,bird,6,0.137,0.038,0.099,0
S116_age6_House_trial015.png,S116,house,9,0.137,0.037,0.1,0
S69_age4_Rabbit_trial010.png,S69,rabbit,7,0.137,0.066,0.07,0
S64_age4_Rabbit_trial007.png,S64,rabbit,7,0.137,0.037,0.101,0
S52_age3_Car_trial006.png,S52,car,6,0.136,0.054,0.082,0
S32_age2_Chair_trial013.png,S32,chair,5,0.136,0.033,0.103,0
S44_age3_Watch_trial006.png,S44,watch,6,0.136,0.037,0.099,0
S41_age3_Bird_trial008.png,S41,bird,6,0.136,0.042,0.094,0
S60_age3_Airplane_trial016.png,S60,airplane,6,0.136,0.043,0.094,0
S34_age2_House_trial006.png,S34,house,5,0.136,0.067,0.07,0
S38_age2_House_trial008.png,S38,house,5,0.136,0.047,0.088,0
S49_age3_Airplane_trial011.png,S49,airplane,6,0.136,0.037,0.099,0
S69_age4_Cat_trial005.png,S69,cat,7,0.136,0.049,0.087,0
S5_age1_Airplane_trial010.png,S5,airplane,4,0.136,0.027,0.11,0
S94_age5_Watch_trial006.png,S94,watch,8,0.136,0.054,0.083,0
S118_age6_Cat_trial005.png,S118,cat,9,0.136,0.04,0.096,0
S96_age5_Bird_trial015.png,S96,bird,8,0.136,0.032,0.104,0
S89_age5_Cup_trial008.png,S89,cup,8,0.136,0.042,0.095,0
S41_age3_Airplane_trial005.png,S41,airplane,6,0.135,0.038,0.097,0
S42_age3_Car_trial006.png,S42,car,6,0.135,0.042,0.094,0
S6_age1_House_trial006.png,S6,house,4,0.135,0.021,0.114,0
S99_age5_Bicycle_trial013.png,S99,bike,8,0.135,0.04,0.095,0
S71_age4_Chair_trial011.png,S71,chair,7,0.134,0.038,0.096,0
S6_age1_Cat_trial011.png,S6,cat,4,0.134,0.029,0.105,0
S65_age4_Bicycle_trial007.png,S65,bike,7,0.134,0.037,0.096,0
S56_age3_Bicycle_trial007.png,S56,bike,6,0.134,0.045,0.089,0
S89_age5_House_trial015.png,S89,house,8,0.134,0.03,0.104,0
S53_age3_Watch_trial016.png,S53,watch,6,0.133,0.037,0.096,0
S87_age5_Chair_trial007.png,S87,chair,8,0.133,0.034,0.098,0
S32_age2_House_trial006.png,S32,house,5,0.133,0.043,0.09,0
S105_age6_Tree_trial013.png,S105,tree,9,0.133,0.036,0.097,0
S113_age6_Airplane_trial014.png,S113,airplane,9,0.133,0.041,0.092,0
S89_age5_Bird_trial012.png,S89,bird,8,0.133,0.037,0.096,0
S102_age6_Cat_trial012.png,S102,cat,9,0.133,0.047,0.086,0
S79_age4_Watch_trial007.png,S79,watch,7,0.133,0.033,0.1,0
S76_age4_Rabbit_trial005.png,S76,rabbit,7,0.133,0.052,0.081,0
S92_age5_Chair_trial009.png,S92,chair,8,0.133,0.067,0.066,0
S1_age1_Cup_trial015.png,S1,cup,4,0.133,0.061,0.071,0
S70_age4_Rabbit_trial006.png,S70,rabbit,7,0.132,0.044,0.088,0
S59_age3_House_trial013.png,S59,house,6,0.132,0.034,0.097,0
S50_age3_Bird_trial013.png,S50,bird,6,0.132,0.03,0.102,0
S54_age3_Chair_trial007.png,S54,chair,6,0.132,0.04,0.092,0
S111_age6_Cup_trial006.png,S111,cup,9,0.132,0.052,0.08,0
S100_age5_Chair_trial009.png,S100,chair,8,0.132,0.036,0.096,0
S88_age5_House_trial010.png,S88,house,8,0.132,0.052,0.08,0
S64_age4_Tree_trial010.png,S64,tree,7,0.131,0.029,0.102,0
S85_age5_Car_trial005.png,S85,car,8,0.131,0.047,0.084,0
S38_age2_Chair_trial007.png,S38,chair,5,0.131,0.046,0.085,0
S35_age2_Rabbit_trial016.png,S35,rabbit,5,0.131,0.034,0.098,0
S45_age3_Car_trial005.png,S45,car,6,0.131,0.071,0.06,0
S63_age4_Cup_trial015.png,S63,cup,7,0.131,0.042,0.089,0
S73_age4_Airplane_trial005.png,S73,airplane,7,0.131,0.054,0.077,0
S14_age1_Chair_trial009.png,S14,chair,4,0.131,0.009,0.121,0
S98_age5_House_trial005.png,S98,house,8,0.13,0.055,0.076,0
S119_age6_Cat_trial011.png,S119,cat,9,0.13,0.048,0.082,0
S72_age4_Tree_trial006.png,S72,tree,7,0.13,0.033,0.097,0
S99_age5_Rabbit_trial011.png,S99,rabbit,8,0.13,0.043,0.087,0
S54_age3_Tree_trial011.png,S54,tree,6,0.13,0.031,0.099,0
S21_age2_Car_trial014.png,S21,car,5,0.13,0.026,0.104,0
S62_age4_Bicycle_trial008.png,S62,bike,7,0.13,0.058,0.072,0
S57_age3_Cup_trial010.png,S57,cup,6,0.13,0.042,0.089,0
S36_age2_Tree_trial006.png,S36,tree,5,0.13,0.033,0.097,0
S53_age3_Car_trial006.png,S53,car,6,0.129,0.037,0.091,0
S97_age5_Airplane_trial013.png,S97,airplane,8,0.129,0.032,0.097,0
S62_age4_House_trial014.png,S62,house,7,0.129,0.06,0.069,0
S35_age2_Car_trial009.png,S35,car,5,0.129,0.041,0.088,0
S75_age4_Airplane_trial010.png,S75,airplane,7,0.129,0.036,0.094,0
S90_age5_Airplane_trial014.png,S90,airplane,8,0.129,0.053,0.076,0
S116_age6_Cup_trial008.png,S116,cup,9,0.129,0.045,0.084,0
S52_age3_Bicycle_trial005.png,S52,bike,6,0.128,0.052,0.076,0
S9_age1_Watch_trial005.png,S9,watch,4,0.128,0.038,0.09,0
S46_age3_Chair_trial012.png,S46,chair,6,0.128,0.048,0.08,0
S82_age5_Chair_trial007.png,S82,chair,8,0.128,0.038,0.09,0
S48_age3_Tree_trial006.png,S48,tree,6,0.127,0.026,0.101,0
S36_age2_Chair_trial013.png,S36,chair,5,0.127,0.034,0.093,0
S80_age4_Chair_trial013.png,S80,chair,7,0.127,0.032,0.096,0
S91_age5_Tree_trial009.png,S91,tree,8,0.127,0.028,0.099,0
S109_age6_Bicycle_trial016.png,S109,bike,9,0.127,0.066,0.061,0
S117_age6_Cup_trial006.png,S117,cup,9,0.127,0.042,0.085,0
S38_age2_Cat_trial006.png,S38,cat,5,0.127,0.047,0.08,0
S61_age4_House_trial008.png,S61,house,7,0.127,0.065,0.061,0
S29_age2_Cat_trial008.png,S29,cat,5,0.127,0.025,0.102,0
S54_age3_Airplane_trial008.png,S54,airplane,6,0.127,0.032,0.095,0
S38_age2_Cup_trial010.png,S38,cup,5,0.127,0.036,0.091,0
S85_age5_Tree_trial011.png,S85,tree,8,0.127,0.027,0.099,0
S97_age5_Bird_trial007.png,S97,bird,8,0.126,0.03,0.096,0
S73_age4_Watch_trial006.png,S73,watch,7,0.126,0.035,0.091,0
S98_age5_Rabbit_trial007.png,S98,rabbit,8,0.126,0.038,0.087,0
S109_age6_Tree_trial009.png,S109,tree,9,0.126,0.018,0.109,0
S75_age4_Bird_trial005.png,S75,bird,7,0.126,0.037,0.089,0
S119_age6_Watch_trial015.png,S119,watch,9,0.126,0.056,0.07,0
S96_age5_Car_trial013.png,S96,car,8,0.126,0.04,0.085,0
S110_age6_Bicycle_trial006.png,S110,bike,9,0.126,0.075,0.052,0
S11_age1_Bicycle_trial009.png,S11,bike,4,0.126,0.074,0.053,0
S8_age1_Airplane_trial015.png,S8,airplane,4,0.126,0.02,0.105,0
S65_age4_Car_trial013.png,S65,car,7,0.126,0.038,0.088,0
S101_age6_Bird_trial012.png,S101,bird,9,0.126,0.034,0.092,0
S95_age5_Cat_trial011.png,S95,cat,8,0.126,0.055,0.07,0
S35_age2_Bicycle_trial008.png,S35,bike,5,0.126,0.035,0.091,0
S106_age6_Rabbit_trial014.png,S106,rabbit,9,0.125,0.055,0.071,0
S85_age5_House_trial016.png,S85,house,8,0.125,0.042,0.083,0
S92_age5_Cat_trial014.png,S92,cat,8,0.125,0.05,0.076,0
S46_age3_Hat_trial014.png,S46,hat,6,0.125,0.029,0.096,0
S2_age1_Bird_trial014.png,S2,bird,4,0.125,0.024,0.101,0
S43_age3_Bicycle_trial007.png,S43,bike,6,0.125,0.058,0.067,0
S105_age6_Bicycle_trial006.png,S105,bike,9,0.125,0.038,0.087,0
S106_age6_Chair_trial007.png,S106,chair,9,0.125,0.044,0.081,0
S99_age5_Car_trial016.png,S99,car,8,0.125,0.034,0.091,0
S68_age4_Chair_trial012.png,S68,chair,7,0.124,0.04,0.083,0
S30_age2_Cat_trial009.png,S30,cat,5,0.124,0.042,0.082,0
S58_age3_Rabbit_trial007.png,S58,rabbit,6,0.124,0.043,0.082,0
S96_age5_Airplane_trial009.png,S96,airplane,8,0.124,0.03,0.093,0
S85_age5_Bicycle_trial006.png,S85,bike,8,0.124,0.046,0.078,0
S61_age4_Chair_trial015.png,S61,chair,7,0.124,0.035,0.088,0
S117_age6_Cat_trial009.png,S117,cat,9,0.123,0.042,0.08,0
S65_age4_House_trial009.png,S65,house,7,0.123,0.031,0.092,0
S43_age3_Tree_trial012.png,S43,tree,6,0.123,0.035,0.088,0
S109_age6_Chair_trial010.png,S109,chair,9,0.123,0.043,0.08,0
S106_age6_Hat_trial011.png,S106,hat,9,0.123,0.035,0.088,0
S31_age2_Airplane_trial005.png,S31,airplane,5,0.123,0.045,0.078,0
S75_age4_Hat_trial013.png,S75,hat,7,0.123,0.049,0.074,0
S23_age2_Tree_trial009.png,S23,tree,5,0.123,0.027,0.096,0
S58_age3_Chair_trial008.png,S58,chair,6,0.123,0.035,0.088,0
S104_age6_Bird_trial015.png,S104,bird,9,0.122,0.044,0.078,0
S35_age2_Tree_trial015.png,S35,tree,5,0.122,0.028,0.094,0
S81_age5_Bird_trial007.png,S81,bird,8,0.122,0.032,0.09,0
S82_age5_Cup_trial016.png,S82,cup,8,0.122,0.04,0.082,0
S40_age2_Cat_trial009.png,S40,cat,5,0.122,0.035,0.086,0
S106_age6_Cup_trial010.png,S106,cup,9,0.122,0.044,0.078,0
S113_age6_Car_trial015.png,S113,car,9,0.122,0.035,0.087,0
S64_age4_Airplane_trial016.png,S64,airplane,7,0.121,0.038,0.083,0
S26_age2_Airplane_trial006.png,S26,airplane,5,0.121,0.037,0.084,0
S98_age5_Car_trial014.png,S98,car,8,0.121,0.036,0.085,0
S43_age3_Cat_trial010.png,S43,cat,6,0.121,0.04,0.081,0
S71_age4_Tree_trial014.png,S71,tree,7,0.121,0.028,0.092,0
S46_age3_Cat_trial010.png,S46,cat,6,0.121,0.044,0.077,0
S6_age1_Tree_trial014.png,S6,tree,4,0.121,0.015,0.106,0
S82_age5_Hat_trial011.png,S82,hat,8,0.121,0.034,0.086,0
S43_age3_House_trial014.png,S43,house,6,0.121,0.047,0.074,0
S105_age6_Bird_trial007.png,S105,bird,9,0.121,0.03,0.091,0
S63_age4_Hat_trial014.png,S63,hat,7,0.121,0.035,0.086,0
S46_age3_Bicycle_trial007.png,S46,bike,6,0.12,0.048,0.072,0
S39_age2_Chair_trial010.png,S39,chair,5,0.12,0.023,0.097,0
S31_age2_Hat_trial012.png,S31,hat,5,0.12,0.029,0.091,0
S114_age6_Cat_trial013.png,S114,cat,9,0.12,0.038,0.082,0
S62_age4_Chair_trial013.png,S62,chair,7,0.12,0.067,0.053,0
S40_age2_House_trial011.png,S40,house,5,0.12,0.071,0.049,0
S67_age4_Bird_trial016.png,S67,bird,7,0.119,0.086,0.033,0
S51_age3_Car_trial015.png,S51,car,6,0.119,0.033,0.085,0
S115_age6_Watch_trial011.png,S115,watch,9,0.119,0.048,0.072,0
S98_age5_Bird_trial013.png,S98,bird,8,0.119,0.027,0.092,0
S11_age1_Hat_trial005.png,S11,hat,4,0.119,0.054,0.064,0
S104_age6_House_trial011.png,S104,house,9,0.119,0.08,0.039,0
S3_age1_Chair_trial010.png,S3,chair,4,0.118,0.013,0.105,0
S34_age2_Bird_trial012.png,S34,bird,5,0.118,0.035,0.083,0
S86_age5_Car_trial007.png,S86,car,8,0.118,0.031,0.087,0
S17_age1_House_trial016.png,S17,house,4,0.118,0.066,0.051,0
S105_age6_Car_trial008.png,S105,car,9,0.118,0.04,0.078,0
S34_age2_Hat_trial007.png,S34,hat,5,0.118,0.023,0.094,0
S91_age5_Rabbit_trial005.png,S91,rabbit,8,0.118,0.051,0.066,0
S34_age2_Cat_trial016.png,S34,cat,5,0.118,0.046,0.072,0
S52_age3_Rabbit_trial011.png,S52,rabbit,6,0.118,0.034,0.084,0
S45_age3_Chair_trial007.png,S45,chair,6,0.117,0.029,0.088,0
S61_age4_Cat_trial013.png,S61,cat,7,0.117,0.044,0.073,0
S5_age1_Chair_trial014.png,S5,chair,4,0.117,0.029,0.088,0
S117_age6_Bicycle_trial016.png,S117,bike,9,0.117,0.051,0.066,0
S8_age1_House_trial012.png,S8,house,4,0.117,0.019,0.098,0
S109_age6_Hat_trial011.png,S109,hat,9,0.117,0.036,0.081,0
S10_age1_House_trial009.png,S10,house,4,0.117,0.037,0.08,0
S28_age2_Cat_trial008.png,S28,cat,5,0.117,0.045,0.072,0
S34_age2_Chair_trial014.png,S34,chair,5,0.117,0.037,0.08,0
S114_age6_Chair_trial010.png,S114,chair,9,0.116,0.04,0.076,0
S99_age5_Airplane_trial006.png,S99,airplane,8,0.116,0.039,0.077,0
S119_age6_House_trial016.png,S119,house,9,0.116,0.064,0.052,0
S73_age4_Hat_trial011.png,S73,hat,7,0.116,0.05,0.066,0
S9_age1_Bicycle_trial008.png,S9,bike,4,0.116,0.029,0.087,0
S34_age2_Bicycle_trial013.png,S34,bike,5,0.116,0.034,0.083,0
S60_age3_Chair_trial011.png,S60,chair,6,0.116,0.055,0.06,0
S66_age4_Rabbit_trial008.png,S66,rabbit,7,0.116,0.045,0.07,0
S110_age6_House_trial016.png,S110,house,9,0.116,0.055,0.061,0
S78_age4_Tree_trial016.png,S78,tree,7,0.115,0.043,0.072,0
S117_age6_Rabbit_trial005.png,S117,rabbit,9,0.115,0.037,0.078,0
S36_age2_Rabbit_trial005.png,S36,rabbit,5,0.115,0.052,0.063,0
S12_age1_Chair_trial012.png,S12,chair,4,0.115,0.035,0.08,0
S46_age3_Car_trial009.png,S46,car,6,0.115,0.035,0.08,0
S39_age2_House_trial005.png,S39,house,5,0.115,0.024,0.091,0
S70_age4_Cat_trial012.png,S70,cat,7,0.114,0.034,0.08,0
S58_age3_Bicycle_trial014.png,S58,bike,6,0.114,0.039,0.075,0
S103_age6_Rabbit_trial008.png,S103,rabbit,9,0.114,0.052,0.062,0
S112_age6_Chair_trial008.png,S112,chair,9,0.114,0.031,0.083,0
S78_age4_Cat_trial010.png,S78,cat,7,0.113,0.055,0.058,0
S54_age3_Cat_trial006.png,S54,cat,6,0.113,0.026,0.087,0
S39_age2_Bird_trial015.png,S39,bird,5,0.113,0.015,0.098,0
S20_age1_Rabbit_trial011.png,S20,rabbit,4,0.113,0.015,0.098,0
S108_age6_Rabbit_trial009.png,S108,rabbit,9,0.113,0.038,0.076,0
S27_age2_Bird_trial007.png,S27,bird,5,0.112,0.032,0.08,0
S100_age5_Rabbit_trial005.png,S100,rabbit,8,0.112,0.039,0.073,0
S100_age5_Bicycle_trial010.png,S100,bike,8,0.112,0.05,0.062,0
S81_age5_Chair_trial012.png,S81,chair,8,0.112,0.043,0.069,0
S104_age6_Bicycle_trial016.png,S104,bike,9,0.112,0.072,0.04,0
S66_age4_Airplane_trial011.png,S66,airplane,7,0.112,0.056,0.056,0
S7_age1_Chair_trial007.png,S7,chair,4,0.112,0.03,0.082,0
S62_age4_Car_trial007.png,S62,car,7,0.112,0.049,0.062,0
S73_age4_Car_trial012.png,S73,car,7,0.112,0.044,0.068,0
S3_age1_Watch_trial016.png,S3,watch,4,0.112,0.037,0.075,0
S45_age3_Watch_trial013.png,S45,watch,6,0.111,0.033,0.078,0
S116_age6_Chair_trial013.png,S116,chair,9,0.111,0.04,0.071,0
S12_age1_Bird_trial009.png,S12,bird,4,0.111,0.027,0.084,0
S12_age1_Rabbit_trial015.png,S12,rabbit,4,0.111,0.029,0.083,0
S115_age6_Hat_trial009.png,S115,hat,9,0.111,0.032,0.079,0
S38_age2_Watch_trial013.png,S38,watch,5,0.111,0.031,0.08,0
S9_age1_Airplane_trial009.png,S9,airplane,4,0.111,0.031,0.08,0
S59_age3_Hat_trial016.png,S59,hat,6,0.111,0.019,0.092,0
S8_age1_Cup_trial010.png,S8,cup,4,0.111,0.017,0.094,0
S66_age4_Cat_trial010.png,S66,cat,7,0.111,0.042,0.068,0
S31_age2_Tree_trial015.png,S31,tree,5,0.111,0.036,0.075,0
S115_age6_Car_trial015.png,S115,car,9,0.111,0.067,0.044,0
S45_age3_Bird_trial016.png,S45,bird,6,0.111,0.034,0.076,0
S96_age5_Bicycle_trial014.png,S96,bike,8,0.11,0.044,0.066,0
S82_age5_Watch_trial008.png,S82,watch,8,0.11,0.053,0.057,0
S95_age5_Hat_trial005.png,S95,hat,8,0.11,0.036,0.074,0
S20_age1_Chair_trial013.png,S20,chair,4,0.11,0.014,0.096,0
S21_age2_Cup_trial007.png,S21,cup,5,0.11,0.045,0.065,0
S100_age5_Tree_trial013.png,S100,tree,8,0.11,0.022,0.088,0
S70_age4_Bird_trial010.png,S70,bird,7,0.11,0.033,0.078,0
S33_age2_Watch_trial016.png,S33,watch,5,0.11,0.031,0.079,0
S108_age6_House_trial008.png,S108,house,9,0.11,0.045,0.065,0
S95_age5_Bicycle_trial010.png,S95,bike,8,0.11,0.063,0.048,0
S31_age2_House_trial013.png,S31,house,5,0.11,0.036,0.074,0
S33_age2_Bicycle_trial006.png,S33,bike,5,0.11,0.021,0.09,0
S67_age4_Bicycle_trial015.png,S67,bike,7,0.109,0.069,0.04,0
S19_age1_Chair_trial010.png,S19,chair,4,0.109,0.026,0.083,0
S119_age6_Airplane_trial012.png,S119,airplane,9,0.109,0.054,0.055,0
S8_age1_Bicycle_trial016.png,S8,bike,4,0.109,0.018,0.091,0
S86_age5_Cup_trial005.png,S86,cup,8,0.109,0.044,0.065,0
S109_age6_Bird_trial013.png,S109,bird,9,0.109,0.04,0.069,0
S41_age3_Bicycle_trial009.png,S41,bike,6,0.109,0.039,0.07,0
S114_age6_Bicycle_trial014.png,S114,bike,9,0.109,0.047,0.062,0
S78_age4_Bicycle_trial006.png,S78,bike,7,0.109,0.054,0.054,0
S73_age4_Cat_trial009.png,S73,cat,7,0.108,0.049,0.059,0
S33_age2_Tree_trial011.png,S33,tree,5,0.108,0.027,0.081,0
S38_age2_Bird_trial016.png,S38,bird,5,0.108,0.029,0.078,0
S105_age6_Airplane_trial009.png,S105,airplane,9,0.108,0.04,0.068,0
S61_age4_Bird_trial006.png,S61,bird,7,0.108,0.036,0.073,0
S92_age5_Rabbit_trial016.png,S92,rabbit,8,0.107,0.04,0.067,0
S78_age4_Cup_trial011.png,S78,cup,7,0.107,0.045,0.062,0
S88_age5_Tree_trial009.png,S88,tree,8,0.107,0.036,0.071,0
S86_age5_House_trial011.png,S86,house,8,0.107,0.058,0.049,0
S92_age5_Bicycle_trial005.png,S92,bike,8,0.107,0.059,0.049,0
S63_age4_Airplane_trial009.png,S63,airplane,7,0.107,0.04,0.067,0
S54_age3_Rabbit_trial016.png,S54,rabbit,6,0.107,0.028,0.079,0
S57_age3_Bicycle_trial011.png,S57,bike,6,0.107,0.04,0.067,0
S42_age3_Bird_trial005.png,S42,bird,6,0.107,0.04,0.067,0
S88_age5_Airplane_trial006.png,S88,airplane,8,0.107,0.028,0.08,0
S44_age3_Car_trial011.png,S44,car,6,0.106,0.039,0.067,0
S3_age1_Hat_trial012.png,S3,hat,4,0.106,0.054,0.052,0
S108_age6_Cat_trial015.png,S108,cat,9,0.106,0.033,0.073,0
S49_age3_Car_trial009.png,S49,car,6,0.105,0.046,0.059,0
S12_age1_Tree_trial016.png,S12,tree,4,0.105,0.032,0.072,0
S58_age3_Cat_trial009.png,S58,cat,6,0.105,0.039,0.065,0
S78_age4_Watch_trial014.png,S78,watch,7,0.105,0.049,0.056,0
S51_age3_Bicycle_trial007.png,S51,bike,6,0.105,0.02,0.085,0
S65_age4_Chair_trial012.png,S65,chair,7,0.105,0.044,0.06,0
S30_age2_Tree_trial015.png,S30,tree,5,0.105,0.049,0.056,0
S108_age6_Airplane_trial014.png,S108,airplane,9,0.105,0.05,0.055,0
S68_age4_Car_trial010.png,S68,car,7,0.104,0.043,0.061,0
S115_age6_House_trial010.png,S115,house,9,0.104,0.072,0.032,0
S94_age5_Rabbit_trial008.png,S94,rabbit,8,0.104,0.043,0.061,0
S119_age6_Chair_trial013.png,S119,chair,9,0.104,0.046,0.058,0
S38_age2_Tree_trial012.png,S38,tree,5,0.104,0.029,0.075,0
S35_age2_Chair_trial007.png,S35,chair,5,0.104,0.029,0.075,0
S79_age4_Bird_trial005.png,S79,bird,7,0.104,0.025,0.078,0
S45_age3_Airplane_trial014.png,S45,airplane,6,0.104,0.035,0.069,0
S90_age5_Car_trial012.png,S90,car,8,0.104,0.034,0.07,0
S113_age6_Bird_trial016.png,S113,bird,9,0.104,0.033,0.071,0
S47_age3_Rabbit_trial010.png,S47,rabbit,6,0.103,0.034,0.069,0
S98_age5_Bicycle_trial006.png,S98,bike,8,0.103,0.036,0.067,0
S118_age6_Chair_trial006.png,S118,chair,9,0.103,0.044,0.059,0
S13_age1_Cup_trial014.png,S13,cup,4,0.103,0.027,0.076,0
S100_age5_Bird_trial015.png,S100,bird,8,0.103,0.047,0.057,0
S43_age3_Watch_trial008.png,S43,watch,6,0.103,0.033,0.07,0
S43_age3_Hat_trial006.png,S43,hat,6,0.103,0.03,0.073,0
S106_age6_Cat_trial005.png,S106,cat,9,0.103,0.036,0.067,0
S12_age1_Hat_trial013.png,S12,hat,4,0.103,0.036,0.067,0
S59_age3_Car_trial010.png,S59,car,6,0.103,0.032,0.07,0
S9_age1_Chair_trial007.png,S9,chair,4,0.103,0.031,0.072,0
S89_age5_Chair_trial007.png,S89,chair,8,0.103,0.036,0.067,0
S75_age4_Watch_trial006.png,S75,watch,7,0.103,0.05,0.054,0
S100_age5_Cat_trial011.png,S100,cat,8,0.103,0.031,0.072,0
S32_age2_Tree_trial008.png,S32,tree,5,0.102,0.036,0.066,0
S21_age2_Bicycle_trial016.png,S21,bike,5,0.102,0.038,0.064,0
S73_age4_Bicycle_trial007.png,S73,bike,7,0.102,0.072,0.03,0
S80_age4_Hat_trial007.png,S80,hat,7,0.102,0.027,0.075,0
S99_age5_Tree_trial008.png,S99,tree,8,0.102,0.032,0.07,0
S50_age3_Tree_trial009.png,S50,tree,6,0.102,0.027,0.075,0
S10_age1_Tree_trial011.png,S10,tree,4,0.101,0.027,0.074,0
S109_age6_Cup_trial007.png,S109,cup,9,0.101,0.05,0.051,0
S65_age4_Airplane_trial006.png,S65,airplane,7,0.101,0.027,0.074,0
S109_age6_Cat_trial005.png,S109,cat,9,0.101,0.055,0.047,0
S63_age4_Rabbit_trial010.png,S63,rabbit,7,0.101,0.032,0.07,0
S61_age4_Rabbit_trial009.png,S61,rabbit,7,0.101,0.037,0.064,0
S108_age6_Chair_trial007.png,S108,chair,9,0.1,0.038,0.062,0
S89_age5_Tree_trial006.png,S89,tree,8,0.099,0.033,0.066,0
S80_age4_Cup_trial006.png,S80,cup,7,0.099,0.031,0.069,0
S28_age2_Chair_trial009.png,S28,chair,5,0.099,0.033,0.066,0
S11_age1_Car_trial012.png,S11,car,4,0.099,0.061,0.038,0
S103_age6_Bird_trial015.png,S103,bird,9,0.099,0.049,0.05,0
S49_age3_Bicycle_trial012.png,S49,bike,6,0.099,0.024,0.074,0
S80_age4_Car_trial011.png,S80,car,7,0.098,0.034,0.064,0
S80_age4_Bird_trial008.png,S80,bird,7,0.098,0.039,0.059,0
S61_age4_Airplane_trial014.png,S61,airplane,7,0.098,0.032,0.066,0
S110_age6_Rabbit_trial008.png,S110,rabbit,9,0.098,0.044,0.054,0
S28_age2_Hat_trial011.png,S28,hat,5,0.098,0.027,0.072,0
S49_age3_Chair_trial005.png,S49,chair,6,0.098,0.022,0.076,0
S54_age3_Hat_trial014.png,S54,hat,6,0.098,0.033,0.065,0
S8_age1_Rabbit_trial013.png,S8,rabbit,4,0.098,0.02,0.078,0
S44_age3_Airplane_trial008.png,S44,airplane,6,0.097,0.035,0.062,0
S78_age4_Bird_trial009.png,S78,bird,7,0.097,0.046,0.05,0
S102_age6_Car_trial011.png,S102,car,9,0.097,0.054,0.043,0
S10_age1_Hat_trial015.png,S10,hat,4,0.097,0.03,0.067,0
S109_age6_Rabbit_trial008.png,S109,rabbit,9,0.097,0.056,0.041,0
S62_age4_Airplane_trial009.png,S62,airplane,7,0.097,0.051,0.046,0
S24_age2_Tree_trial013.png,S24,tree,5,0.097,0.027,0.07,0
S107_age6_Cat_trial013.png,S107,cat,9,0.096,0.031,0.065,0
S83_age5_Bird_trial007.png,S83,bird,8,0.096,0.034,0.063,0
S63_age4_Cat_trial008.png,S63,cat,7,0.096,0.032,0.065,0
S44_age3_Tree_trial005.png,S44,tree,6,0.096,0.026,0.069,0
S4_age1_House_trial012.png,S4,house,4,0.096,0.035,0.061,0
S66_age4_Bird_trial013.png,S66,bird,7,0.096,0.049,0.047,0
S120_age6_Airplane_trial005.png,S120,airplane,9,0.096,0.025,0.072,0
S118_age6_Airplane_trial010.png,S118,airplane,9,0.096,0.043,0.053,0
S85_age5_Bird_trial007.png,S85,bird,8,0.096,0.034,0.062,0
S9_age1_Hat_trial006.png,S9,hat,4,0.096,0.017,0.079,0
S24_age2_House_trial015.png,S24,house,5,0.095,0.03,0.065,0
S111_age6_Rabbit_trial011.png,S111,rabbit,9,0.095,0.05,0.044,0
S42_age3_Tree_trial011.png,S42,tree,6,0.095,0.022,0.073,0
S35_age2_Cat_trial012.png,S35,cat,5,0.095,0.028,0.066,0
S107_age6_Watch_trial011.png,S107,watch,9,0.095,0.034,0.062,0
S109_age6_House_trial012.png,S109,house,9,0.095,0.054,0.042,0
S78_age4_House_trial012.png,S78,house,7,0.095,0.058,0.037,0
S46_age3_Bird_trial008.png,S46,bird,6,0.095,0.028,0.067,0
S40_age2_Chair_trial008.png,S40,chair,5,0.094,0.03,0.065,0
S102_age6_Hat_trial007.png,S102,hat,9,0.094,0.038,0.056,0
S28_age2_House_trial012.png,S28,house,5,0.094,0.035,0.058,0
S7_age1_Car_trial006.png,S7,car,4,0.094,0.055,0.039,0
S35_age2_Hat_trial013.png,S35,hat,5,0.094,0.025,0.069,0
S65_age4_Tree_trial011.png,S65,tree,7,0.094,0.028,0.066,0
S91_age5_Airplane_trial016.png,S91,airplane,8,0.094,0.029,0.065,0
S68_age4_Cat_trial011.png,S68,cat,7,0.094,0.034,0.061,0
S114_age6_Bird_trial015.png,S114,bird,9,0.094,0.031,0.063,0
S93_age5_Cat_trial007.png,S93,cat,8,0.094,0.017,0.076,0
S35_age2_Bird_trial005.png,S35,bird,5,0.093,0.024,0.069,0
S90_age5_Hat_trial009.png,S90,hat,8,0.093,0.026,0.067,0
S94_age5_Tree_trial007.png,S94,tree,8,0.093,0.055,0.038,0
S57_age3_Hat_trial007.png,S57,hat,6,0.093,0.036,0.057,0
S85_age5_Airplane_trial013.png,S85,airplane,8,0.093,0.022,0.07,0
S21_age2_Airplane_trial012.png,S21,airplane,5,0.092,0.031,0.06,0
S91_age5_Car_trial006.png,S91,car,8,0.092,0.03,0.062,0
S75_age4_Chair_trial008.png,S75,chair,7,0.092,0.039,0.052,0
S21_age2_Watch_trial009.png,S21,watch,5,0.092,0.019,0.073,0
S24_age2_Cat_trial007.png,S24,cat,5,0.092,0.034,0.058,0
S42_age3_Cat_trial008.png,S42,cat,6,0.091,0.053,0.038,0
S95_age5_Bird_trial008.png,S95,bird,8,0.091,0.051,0.04,0
S102_age6_Chair_trial010.png,S102,chair,9,0.091,0.042,0.049,0
S41_age3_Cup_trial007.png,S41,cup,6,0.091,0.042,0.049,0
S48_age3_Watch_trial012.png,S48,watch,6,0.091,0.021,0.07,0
S89_age5_Rabbit_trial016.png,S89,rabbit,8,0.091,0.034,0.057,0
S93_age5_Chair_trial006.png,S93,chair,8,0.09,0.045,0.045,0
S25_age2_Cup_trial012.png,S25,cup,5,0.09,0.037,0.053,0
S70_age4_Bicycle_trial009.png,S70,bike,7,0.09,0.04,0.05,0
S98_age5_Chair_trial008.png,S98,chair,8,0.09,0.028,0.062,0
S111_age6_Airplane_trial009.png,S111,airplane,9,0.09,0.044,0.046,0
S88_age5_Car_trial016.png,S88,car,8,0.09,0.026,0.065,0
S108_age6_Tree_trial012.png,S108,tree,9,0.09,0.024,0.066,0
S66_age4_Chair_trial014.png,S66,chair,7,0.09,0.04,0.05,0
S51_age3_Hat_trial011.png,S51,hat,6,0.09,0.023,0.067,0
S104_age6_Airplane_trial006.png,S104,airplane,9,0.09,0.051,0.039,0
S12_age1_Watch_trial006.png,S12,watch,4,0.09,0.026,0.064,0
S52_age3_Tree_trial012.png,S52,tree,6,0.089,0.035,0.054,0
S47_age3_Hat_trial015.png,S47,hat,6,0.089,0.041,0.048,0
S114_age6_Rabbit_trial006.png,S114,rabbit,9,0.089,0.038,0.051,0
S49_age3_Watch_trial015.png,S49,watch,6,0.089,0.027,0.062,0
S104_age6_Chair_trial009.png,S104,chair,9,0.089,0.058,0.031,0
S110_age6_Bird_trial007.png,S110,bird,9,0.089,0.067,0.022,0
S2_age1_Airplane_trial013.png,S2,airplane,4,0.089,0.027,0.062,0
S80_age4_Tree_trial014.png,S80,tree,7,0.089,0.031,0.058,0
S93_age5_Rabbit_trial012.png,S93,rabbit,8,0.089,0.033,0.056,0
S10_age1_Rabbit_trial010.png,S10,rabbit,4,0.089,0.025,0.064,0
S86_age5_Hat_trial006.png,S86,hat,8,0.088,0.032,0.056,0
S117_age6_House_trial014.png,S117,house,9,0.088,0.054,0.035,0
S108_age6_Bird_trial011.png,S108,bird,9,0.088,0.026,0.062,0
S24_age2_Bicycle_trial010.png,S24,bike,5,0.088,0.036,0.052,0
S6_age1_Rabbit_trial008.png,S6,rabbit,4,0.088,0.023,0.065,0
S13_age1_Rabbit_trial007.png,S13,rabbit,4,0.088,0.023,0.065,0
S63_age4_Tree_trial016.png,S63,tree,7,0.088,0.029,0.059,0
S57_age3_Rabbit_trial016.png,S57,rabbit,6,0.088,0.045,0.044,0
S34_age2_Rabbit_trial008.png,S34,rabbit,5,0.087,0.028,0.058,0
S115_age6_Chair_trial013.png,S115,chair,9,0.087,0.035,0.052,0
S98_age5_Tree_trial010.png,S98,tree,8,0.087,0.026,0.061,0
S8_age1_Hat_trial011.png,S8,hat,4,0.087,0.01,0.077,0
S44_age3_Bicycle_trial007.png,S44,bike,6,0.087,0.036,0.05,0
S76_age4_Chair_trial009.png,S76,chair,7,0.086,0.035,0.05,0
S57_age3_Airplane_trial014.png,S57,airplane,6,0.086,0.036,0.05,0
S8_age1_Chair_trial008.png,S8,chair,4,0.086,0.011,0.075,0
S41_age3_House_trial015.png,S41,house,6,0.086,0.054,0.032,0
S86_age5_Rabbit_trial016.png,S86,rabbit,8,0.086,0.036,0.051,0
S17_age1_Airplane_trial005.png,S17,airplane,4,0.086,0.039,0.047,0
S66_age4_House_trial007.png,S66,house,7,0.086,0.056,0.03,0
S103_age6_Cat_trial011.png,S103,cat,9,0.085,0.054,0.031,0
S64_age4_Watch_trial009.png,S64,watch,7,0.085,0.028,0.057,0
S5_age1_Tree_trial008.png,S5,tree,4,0.085,0.01,0.075,0
S52_age3_Chair_trial016.png,S52,chair,6,0.085,0.04,0.045,0
S27_age2_Cat_trial008.png,S27,cat,5,0.085,0.027,0.059,0
S28_age2_Watch_trial014.png,S28,watch,5,0.085,0.025,0.059,0
S103_age6_Bicycle_trial014.png,S103,bike,9,0.085,0.058,0.027,0
S55_age3_Tree_trial009.png,S55,tree,6,0.085,0.026,0.06,0
S18_age1_Rabbit_trial006.png,S18,rabbit,4,0.085,0.019,0.065,0
S6_age1_Watch_trial015.png,S6,watch,4,0.085,0.02,0.066,0
S70_age4_Tree_trial015.png,S70,tree,7,0.085,0.028,0.057,0
S52_age3_Airplane_trial015.png,S52,airplane,6,0.085,0.039,0.046,0
S16_age1_Cup_trial005.png,S16,cup,4,0.085,0.021,0.064,0
S29_age2_Airplane_trial016.png,S29,airplane,5,0.085,0.028,0.057,0
S72_age4_Watch_trial007.png,S72,watch,7,0.085,0.021,0.063,0
S43_age3_Chair_trial011.png,S43,chair,6,0.085,0.037,0.048,0
S44_age3_Hat_trial015.png,S44,hat,6,0.085,0.029,0.056,0
S40_age2_Hat_trial013.png,S40,hat,5,0.084,0.028,0.057,0
S73_age4_Cup_trial015.png,S73,cup,7,0.084,0.044,0.04,0
S12_age1_Airplane_trial008.png,S12,airplane,4,0.084,0.025,0.059,0
S25_age2_Hat_trial011.png,S25,hat,5,0.084,0.034,0.05,0
S93_age5_Bird_trial011.png,S93,bird,8,0.084,0.037,0.047,0
S40_age2_Cup_trial010.png,S40,cup,5,0.084,0.033,0.05,0
S28_age2_Car_trial007.png,S28,car,5,0.084,0.029,0.055,0
S13_age1_Airplane_trial006.png,S13,airplane,4,0.084,0.021,0.064,0
S11_age1_Tree_trial007.png,S11,tree,4,0.083,0.053,0.03,0
S11_age1_Cat_trial008.png,S11,cat,4,0.083,0.057,0.027,0
S14_age1_Bird_trial013.png,S14,bird,4,0.083,0.055,0.028,0
S87_age5_Airplane_trial005.png,S87,airplane,8,0.083,0.045,0.038,0
S103_age6_Chair_trial013.png,S103,chair,9,0.083,0.041,0.041,0
S111_age6_Cat_trial016.png,S111,cat,9,0.083,0.051,0.032,0
S71_age4_House_trial008.png,S71,house,7,0.083,0.044,0.039,0
S41_age3_Hat_trial016.png,S41,hat,6,0.083,0.029,0.055,0
S77_age4_Airplane_trial006.png,S77,airplane,7,0.083,0.023,0.06,0
S62_age4_Tree_trial016.png,S62,tree,7,0.083,0.032,0.05,0
S109_age6_Watch_trial006.png,S109,watch,9,0.082,0.037,0.045,0
S79_age4_Car_trial008.png,S79,car,7,0.082,0.03,0.052,0
S96_age5_Rabbit_trial006.png,S96,rabbit,8,0.082,0.032,0.05,0
S119_age6_Tree_trial014.png,S119,tree,9,0.082,0.045,0.037,0
S62_age4_Hat_trial015.png,S62,hat,7,0.082,0.025,0.057,0
S18_age1_House_trial005.png,S18,house,4,0.082,0.029,0.054,0
S95_age5_Cup_trial013.png,S95,cup,8,0.081,0.047,0.035,0
S52_age3_Hat_trial009.png,S52,hat,6,0.081,0.021,0.06,0
S92_age5_Watch_trial008.png,S92,watch,8,0.081,0.033,0.048,0
S87_age5_Car_trial008.png,S87,car,8,0.081,0.029,0.052,0
S81_age5_Tree_trial009.png,S81,tree,8,0.081,0.036,0.045,0
S60_age3_Cat_trial013.png,S60,cat,6,0.081,0.029,0.053,0
S119_age6_Bird_trial005.png,S119,bird,9,0.081,0.031,0.05,0
S96_age5_Watch_trial016.png,S96,watch,8,0.081,0.035,0.046,0
S103_age6_Tree_trial007.png,S103,tree,9,0.081,0.027,0.054,0
S1_age1_Cat_trial012.png,S1,cat,4,0.081,0.042,0.039,0
S10_age1_Chair_trial016.png,S10,chair,4,0.081,0.025,0.056,0
S25_age2_Bicycle_trial005.png,S25,bike,5,0.08,0.046,0.034,0
S89_age5_Hat_trial005.png,S89,hat,8,0.08,0.029,0.05,0
S82_age5_Bicycle_trial006.png,S82,bike,8,0.08,0.037,0.043,0
S69_age4_Cup_trial007.png,S69,cup,7,0.08,0.042,0.038,0
S119_age6_Hat_trial007.png,S119,hat,9,0.08,0.032,0.048,0
S58_age3_House_trial005.png,S58,house,6,0.08,0.054,0.026,0
S82_age5_House_trial012.png,S82,house,8,0.08,0.045,0.035,0
S93_age5_House_trial010.png,S93,house,8,0.08,0.058,0.022,0
S76_age4_Hat_trial011.png,S76,hat,7,0.08,0.045,0.035,0
S34_age2_Watch_trial009.png,S34,watch,5,0.08,0.036,0.043,0
S73_age4_House_trial013.png,S73,house,7,0.08,0.046,0.034,0
S34_age2_Car_trial015.png,S34,car,5,0.079,0.043,0.036,0
S14_age1_Watch_trial008.png,S14,watch,4,0.079,0.01,0.069,0
S73_age4_Chair_trial010.png,S73,chair,7,0.079,0.042,0.036,0
S118_age6_Bird_trial008.png,S118,bird,9,0.079,0.031,0.048,0
S11_age1_Airplane_trial010.png,S11,airplane,4,0.079,0.041,0.038,0
S106_age6_Bicycle_trial009.png,S106,bike,9,0.079,0.038,0.042,0
S8_age1_Car_trial006.png,S8,car,4,0.079,0.01,0.07,0
S58_age3_Car_trial010.png,S58,car,6,0.078,0.028,0.049,0
S115_age6_Cup_trial007.png,S115,cup,9,0.078,0.045,0.032,0
S59_age3_Tree_trial005.png,S59,tree,6,0.078,0.027,0.052,0
S70_age4_House_trial005.png,S70,house,7,0.078,0.032,0.046,0
S109_age6_Airplane_trial015.png,S109,airplane,9,0.078,0.04,0.038,0
S83_age5_Bicycle_trial008.png,S83,bike,8,0.078,0.033,0.045,0
S94_age5_Bicycle_trial012.png,S94,bike,8,0.078,0.047,0.032,0
S76_age4_Cup_trial010.png,S76,cup,7,0.078,0.042,0.037,0
S25_age2_House_trial014.png,S25,house,5,0.078,0.034,0.044,0
S2_age1_Watch_trial011.png,S2,watch,4,0.077,0.023,0.054,0
S49_age3_Cat_trial010.png,S49,cat,6,0.077,0.024,0.053,0
S117_age6_Chair_trial010.png,S117,chair,9,0.077,0.033,0.044,0
S9_age1_Car_trial010.png,S9,car,4,0.077,0.03,0.047,0
S57_age3_House_trial015.png,S57,house,6,0.077,0.058,0.019,0
S102_age6_Tree_trial014.png,S102,tree,9,0.077,0.042,0.035,0
S95_age5_Tree_trial014.png,S95,tree,8,0.077,0.047,0.03,0
S84_age5_Bicycle_trial009.png,S84,bike,8,0.076,0.062,0.014,0
S118_age6_Cup_trial015.png,S118,cup,9,0.076,0.023,0.052,0
S115_age6_Airplane_trial005.png,S115,airplane,9,0.076,0.056,0.02,0
S42_age3_Watch_trial015.png,S42,watch,6,0.075,0.04,0.035,0
S58_age3_Hat_trial012.png,S58,hat,6,0.075,0.027,0.048,0
S3_age1_Bird_trial007.png,S3,bird,4,0.075,0.043,0.033,0
S111_age6_House_trial014.png,S111,house,9,0.075,0.072,0.003,0
S102_age6_Rabbit_trial005.png,S102,rabbit,9,0.074,0.043,0.031,0
S86_age5_Airplane_trial009.png,S86,airplane,8,0.074,0.036,0.038,0
S15_age1_Airplane_trial011.png,S15,airplane,4,0.074,0.025,0.049,0
S60_age3_House_trial006.png,S60,house,6,0.074,0.037,0.037,0
S11_age1_Cup_trial014.png,S11,cup,4,0.074,0.044,0.03,0
S30_age2_Hat_trial012.png,S30,hat,5,0.074,0.032,0.042,0
S17_age1_Cat_trial013.png,S17,cat,4,0.074,0.043,0.031,0
S67_age4_Cat_trial013.png,S67,cat,7,0.073,0.037,0.036,0
S93_age5_Cup_trial005.png,S93,cup,8,0.073,0.038,0.034,0
S42_age3_House_trial013.png,S42,house,6,0.073,0.048,0.024,0
S104_age6_Cup_trial008.png,S104,cup,9,0.073,0.045,0.028,0
S85_age5_Hat_trial015.png,S85,hat,8,0.073,0.025,0.048,0
S83_age5_Rabbit_trial016.png,S83,rabbit,8,0.073,0.041,0.032,0
S30_age2_Airplane_trial005.png,S30,airplane,5,0.073,0.03,0.043,0
S3_age1_Cup_trial011.png,S3,cup,4,0.073,0.037,0.035,0
S6_age1_Bicycle_trial016.png,S6,bike,4,0.073,0.027,0.046,0
S41_age3_Tree_trial013.png,S41,tree,6,0.073,0.026,0.047,0
S61_age4_Tree_trial010.png,S61,tree,7,0.073,0.027,0.046,0
S63_age4_Watch_trial005.png,S63,watch,7,0.073,0.03,0.042,0
S107_age6_House_trial006.png,S107,house,9,0.073,0.027,0.045,0
S88_age5_Watch_trial005.png,S88,watch,8,0.072,0.033,0.038,0
S69_age4_Bird_trial015.png,S69,bird,7,0.072,0.02,0.052,0
S67_age4_Car_trial005.png,S67,car,7,0.072,0.051,0.021,0
S67_age4_House_trial009.png,S67,house,7,0.072,0.052,0.02,0
S67_age4_Chair_trial010.png,S67,chair,7,0.072,0.035,0.038,0
S78_age4_Hat_trial013.png,S78,hat,7,0.072,0.026,0.046,0
S104_age6_Car_trial014.png,S104,car,9,0.072,0.054,0.019,0
S114_age6_Watch_trial009.png,S114,watch,9,0.072,0.03,0.042,0
S104_age6_Tree_trial007.png,S104,tree,9,0.072,0.06,0.012,0
S58_age3_Airplane_trial013.png,S58,airplane,6,0.072,0.035,0.037,0
S61_age4_Hat_trial007.png,S61,hat,7,0.072,0.029,0.043,0
S81_age5_Cup_trial008.png,S81,cup,8,0.071,0.045,0.026,0
S106_age6_Tree_trial012.png,S106,tree,9,0.071,0.028,0.043,0
S103_age6_Watch_trial012.png,S103,watch,9,0.071,0.042,0.03,0
S35_age2_Airplane_trial006.png,S35,airplane,5,0.071,0.024,0.047,0
S41_age3_Car_trial010.png,S41,car,6,0.071,0.03,0.041,0
S4_age1_Car_trial008.png,S4,car,4,0.071,0.025,0.046,0
S40_age2_Watch_trial015.png,S40,watch,5,0.07,0.038,0.032,0
S41_age3_Watch_trial014.png,S41,watch,6,0.07,0.033,0.038,0
S38_age2_Car_trial005.png,S38,car,5,0.07,0.028,0.042,0
S83_age5_Cat_trial006.png,S83,cat,8,0.07,0.039,0.031,0
S44_age3_Bird_trial010.png,S44,bird,6,0.07,0.029,0.041,0
S20_age1_Tree_trial012.png,S20,tree,4,0.07,0.012,0.058,0
S89_age5_Cat_trial010.png,S89,cat,8,0.07,0.027,0.043,0
S17_age1_Chair_trial008.png,S17,chair,4,0.07,0.027,0.043,0
S81_age5_House_trial015.png,S81,house,8,0.07,0.046,0.024,0
S83_age5_Airplane_trial015.png,S83,airplane,8,0.069,0.034,0.035,0
S110_age6_Watch_trial005.png,S110,watch,9,0.069,0.044,0.025,0
S81_age5_Rabbit_trial016.png,S81,rabbit,8,0.069,0.044,0.025,0
S106_age6_Airplane_trial008.png,S106,airplane,9,0.069,0.029,0.04,0
S115_age6_Rabbit_trial014.png,S115,rabbit,9,0.069,0.035,0.033,0
S114_age6_Car_trial012.png,S114,car,9,0.069,0.029,0.04,0
S87_age5_Cup_trial014.png,S87,cup,8,0.069,0.04,0.029,0
S96_age5_Chair_trial011.png,S96,chair,8,0.069,0.035,0.033,0
S59_age3_Bird_trial009.png,S59,bird,6,0.069,0.031,0.038,0
S57_age3_Chair_trial009.png,S57,chair,6,0.069,0.043,0.026,0
S115_age6_Cat_trial012.png,S115,cat,9,0.069,0.031,0.038,0
S101_age6_Airplane_trial014.png,S101,airplane,9,0.069,0.039,0.03,0
S28_age2_Bird_trial016.png,S28,bird,5,0.069,0.017,0.052,0
S94_age5_Car_trial014.png,S94,car,8,0.068,0.047,0.021,0
S70_age4_Airplane_trial008.png,S70,airplane,7,0.068,0.031,0.038,0
S93_age5_Hat_trial008.png,S93,hat,8,0.068,0.039,0.029,0
S9_age1_Bird_trial011.png,S9,bird,4,0.068,0.027,0.041,0
S103_age6_Cup_trial006.png,S103,cup,9,0.067,0.044,0.023,0
S82_age5_Tree_trial010.png,S82,tree,8,0.067,0.033,0.034,0
S87_age5_House_trial012.png,S87,house,8,0.067,0.05,0.017,0
S1_age1_Car_trial011.png,S1,car,4,0.067,0.053,0.013,0
S62_age4_Watch_trial005.png,S62,watch,7,0.067,0.028,0.039,0
S83_age5_Chair_trial014.png,S83,chair,8,0.067,0.044,0.022,0
S67_age4_Cup_trial011.png,S67,cup,7,0.067,0.046,0.021,0
S83_age5_Tree_trial013.png,S83,tree,8,0.067,0.031,0.036,0
S19_age1_Bicycle_trial014.png,S19,bike,4,0.067,0.03,0.038,0
S93_age5_Airplane_trial015.png,S93,airplane,8,0.067,0.034,0.034,0
S69_age4_Tree_trial011.png,S69,tree,7,0.067,0.037,0.03,0
S104_age6_Cat_trial013.png,S104,cat,9,0.067,0.036,0.031,0
S9_age1_Cat_trial012.png,S9,cat,4,0.066,0.029,0.037,0
S76_age4_Bird_trial013.png,S76,bird,7,0.066,0.044,0.022,0
S30_age2_Cup_trial011.png,S30,cup,5,0.066,0.037,0.029,0
S93_age5_Tree_trial014.png,S93,tree,8,0.066,0.033,0.033,0
S66_age4_Bicycle_trial012.png,S66,bike,7,0.066,0.029,0.037,0
S102_age6_Bicycle_trial015.png,S102,bike,9,0.066,0.027,0.039,0
S10_age1_Watch_trial012.png,S10,watch,4,0.066,0.036,0.03,0
S71_age4_Airplane_trial012.png,S71,airplane,7,0.066,0.027,0.039,0
S30_age2_Bicycle_trial006.png,S30,bike,5,0.066,0.028,0.039,0
S33_age2_Hat_trial015.png,S33,hat,5,0.065,0.028,0.038,0
S100_age5_Airplane_trial014.png,S100,airplane,8,0.065,0.022,0.043,0
S82_age5_Car_trial014.png,S82,car,8,0.065,0.039,0.026,0
S19_age1_Airplane_trial013.png,S19,airplane,4,0.065,0.03,0.035,0
S73_age4_Rabbit_trial016.png,S73,rabbit,7,0.065,0.034,0.031,0
S34_age2_Airplane_trial011.png,S34,airplane,5,0.065,0.025,0.039,0
S40_age2_Rabbit_trial016.png,S40,rabbit,5,0.065,0.033,0.031,0
S102_age6_Bird_trial013.png,S102,bird,9,0.065,0.034,0.031,0
S12_age1_Car_trial010.png,S12,car,4,0.065,0.028,0.037,0
S83_age5_House_trial012.png,S83,house,8,0.064,0.059,0.005,0
S42_age3_Rabbit_trial010.png,S42,rabbit,6,0.064,0.031,0.033,0
S69_age4_Chair_trial006.png,S69,chair,7,0.064,0.034,0.03,0
S96_age5_House_trial007.png,S96,house,8,0.064,0.042,0.022,0
S29_age2_House_trial011.png,S29,house,5,0.064,0.038,0.026,0
S110_age6_Car_trial010.png,S110,car,9,0.064,0.05,0.014,0
S8_age1_Cat_trial007.png,S8,cat,4,0.064,0.011,0.053,0
S69_age4_House_trial009.png,S69,house,7,0.064,0.036,0.028,0
S82_age5_Rabbit_trial009.png,S82,rabbit,8,0.064,0.03,0.034,0
S84_age5_Watch_trial006.png,S84,watch,8,0.064,0.038,0.026,0
S105_age6_Watch_trial005.png,S105,watch,9,0.064,0.032,0.031,0
S39_age2_Bicycle_trial009.png,S39,bike,5,0.064,0.019,0.045,0
S19_age1_Cat_trial016.png,S19,cat,4,0.064,0.026,0.037,0
S106_age6_Car_trial016.png,S106,car,9,0.064,0.035,0.029,0
S84_age5_House_trial014.png,S84,house,8,0.063,0.055,0.008,0
S90_age5_Watch_trial005.png,S90,watch,8,0.063,0.029,0.034,0
S102_age6_Cup_trial008.png,S102,cup,9,0.063,0.036,0.027,0
S60_age3_Car_trial012.png,S60,car,6,0.063,0.039,0.024,0
S106_age6_Watch_trial006.png,S106,watch,9,0.063,0.03,0.033,0
S59_age3_Airplane_trial011.png,S59,airplane,6,0.063,0.028,0.035,0
S111_age6_Hat_trial013.png,S111,hat,9,0.063,0.04,0.023,0
S78_age4_Airplane_trial008.png,S78,airplane,7,0.063,0.046,0.017,0
S49_age3_House_trial007.png,S49,house,6,0.063,0.034,0.029,0
S58_age3_Tree_trial006.png,S58,tree,6,0.063,0.028,0.034,0
S13_age1_Hat_trial008.png,S13,hat,4,0.063,0.015,0.048,0
S83_age5_Hat_trial010.png,S83,hat,8,0.063,0.038,0.025,0
S26_age2_Bicycle_trial005.png,S26,bike,5,0.062,0.027,0.035,0
S75_age4_Bicycle_trial011.png,S75,bike,7,0.062,0.025,0.036,0
S16_age1_Car_trial006.png,S16,car,4,0.062,0.027,0.035,0
S15_age1_Car_trial013.png,S15,car,4,0.062,0.026,0.035,0
S100_age5_Watch_trial016.png,S100,watch,8,0.062,0.022,0.04,0
S60_age3_Rabbit_trial008.png,S60,rabbit,6,0.062,0.029,0.033,0
S76_age4_Airplane_trial008.png,S76,airplane,7,0.062,0.026,0.036,0
S17_age1_Tree_trial010.png,S17,tree,4,0.062,0.03,0.032,0
S116_age6_Bicycle_trial005.png,S116,bike,9,0.061,0.042,0.018,0
S93_age5_Car_trial009.png,S93,car,8,0.061,0.041,0.02,0
S117_age6_Airplane_trial015.png,S117,airplane,9,0.061,0.031,0.03,0
S47_age3_Car_trial006.png,S47,car,6,0.061,0.031,0.03,0
S30_age2_Bird_trial007.png,S30,bird,5,0.06,0.034,0.026,0
S102_age6_Airplane_trial016.png,S102,airplane,9,0.06,0.041,0.019,0
S24_age2_Chair_trial006.png,S24,chair,5,0.06,0.037,0.023,0
S9_age1_Cup_trial013.png,S9,cup,4,0.06,0.029,0.032,0
S101_age6_Watch_trial015.png,S101,watch,9,0.06,0.026,0.035,0
S115_age6_Bird_trial006.png,S115,bird,9,0.059,0.033,0.026,0
S1_age1_House_trial009.png,S1,house,4,0.059,0.041,0.019,0
S81_age5_Bicycle_trial011.png,S81,bike,8,0.059,0.039,0.02,0
S111_age6_Bicycle_trial010.png,S111,bike,9,0.059,0.046,0.013,0
S41_age3_Chair_trial006.png,S41,chair,6,0.059,0.037,0.022,0
S43_age3_Bird_trial009.png,S43,bird,6,0.059,0.029,0.03,0
S60_age3_Hat_trial005.png,S60,hat,6,0.059,0.022,0.037,0
S17_age1_Car_trial012.png,S17,car,4,0.059,0.042,0.017,0
S41_age3_Rabbit_trial012.png,S41,rabbit,6,0.059,0.034,0.025,0
S95_age5_Airplane_trial009.png,S95,airplane,8,0.059,0.04,0.018,0
S13_age1_Watch_trial005.png,S13,watch,4,0.059,0.031,0.028,0
S25_age2_Chair_trial009.png,S25,chair,5,0.059,0.03,0.029,0
S40_age2_Tree_trial014.png,S40,tree,5,0.059,0.022,0.037,0
S60_age3_Tree_trial009.png,S60,tree,6,0.059,0.038,0.021,0
S73_age4_Tree_trial014.png,S73,tree,7,0.059,0.033,0.026,0
S36_age2_Watch_trial007.png,S36,watch,5,0.058,0.029,0.03,0
S87_age5_Cat_trial006.png,S87,cat,8,0.058,0.025,0.033,0
S110_age6_Cup_trial013.png,S110,cup,9,0.058,0.041,0.017,0
S31_age2_Chair_trial010.png,S31,chair,5,0.058,0.016,0.042,0
S30_age2_Rabbit_trial014.png,S30,rabbit,5,0.058,0.036,0.023,0
S85_age5_Watch_trial012.png,S85,watch,8,0.058,0.029,0.03,0
S11_age1_House_trial015.png,S11,house,4,0.057,0.03,0.026,0
S95_age5_Rabbit_trial016.png,S95,rabbit,8,0.057,0.035,0.023,0
S8_age1_Bird_trial005.png,S8,bird,4,0.057,0.011,0.047,0
S13_age1_Tree_trial016.png,S13,tree,4,0.057,0.019,0.039,0
S74_age4_Bicycle_trial014.png,S74,bike,7,0.057,0.03,0.026,0
S13_age1_Cat_trial013.png,S13,cat,4,0.057,0.018,0.039,0
S34_age2_Tree_trial010.png,S34,tree,5,0.057,0.02,0.037,0
S67_age4_Airplane_trial014.png,S67,airplane,7,0.057,0.041,0.017,0
S76_age4_Watch_trial007.png,S76,watch,7,0.057,0.044,0.013,0
S59_age3_Watch_trial014.png,S59,watch,6,0.056,0.026,0.03,0
S17_age1_Watch_trial011.png,S17,watch,4,0.056,0.023,0.033,0
S94_age5_Cup_trial005.png,S94,cup,8,0.056,0.045,0.011,0
S94_age5_Cat_trial009.png,S94,cat,8,0.056,0.038,0.018,0
S38_age2_Airplane_trial014.png,S38,airplane,5,0.056,0.027,0.028,0
S114_age6_Tree_trial005.png,S114,tree,9,0.056,0.025,0.031,0
S81_age5_Airplane_trial014.png,S81,airplane,8,0.055,0.037,0.019,0
S94_age5_Hat_trial015.png,S94,hat,8,0.055,0.046,0.008,0
S68_age4_Watch_trial016.png,S68,watch,7,0.055,0.026,0.029,0
S40_age2_Airplane_trial012.png,S40,airplane,5,0.055,0.022,0.033,0
S1_age1_Tree_trial005.png,S1,tree,4,0.055,0.023,0.031,0
S1_age1_Bicycle_trial013.png,S1,bike,4,0.055,0.023,0.031,0
S86_age5_Watch_trial013.png,S86,watch,8,0.055,0.025,0.03,0
S116_age6_Car_trial011.png,S116,car,9,0.055,0.027,0.028,0
S78_age4_Car_trial005.png,S78,car,7,0.055,0.048,0.006,0
S25_age2_Cat_trial010.png,S25,cat,5,0.055,0.022,0.034,0
S117_age6_Car_trial008.png,S117,car,9,0.055,0.047,0.008,0
S89_age5_Airplane_trial014.png,S89,airplane,8,0.054,0.028,0.026,0
S67_age4_Tree_trial008.png,S67,tree,7,0.054,0.041,0.013,0
S24_age2_Car_trial005.png,S24,car,5,0.054,0.037,0.017,0
S95_age5_Car_trial007.png,S95,car,8,0.054,0.028,0.026,0
S80_age4_Airplane_trial009.png,S80,airplane,7,0.054,0.033,0.02,0
S14_age1_Rabbit_trial006.png,S14,rabbit,4,0.054,0.01,0.044,0
S63_age4_Car_trial007.png,S63,car,7,0.053,0.029,0.024,0
S14_age1_Cat_trial014.png,S14,cat,4,0.053,0.023,0.029,0
S5_age1_Bird_trial016.png,S5,bird,4,0.053,0.01,0.043,0
S43_age3_Airplane_trial005.png,S43,airplane,6,0.053,0.03,0.023,0
S40_age2_Bird_trial007.png,S40,bird,5,0.053,0.029,0.023,0
S82_age5_Bird_trial013.png,S82,bird,8,0.053,0.033,0.02,0
S14_age1_Car_trial010.png,S14,car,4,0.053,0.026,0.028,0
S46_age3_Tree_trial005.png,S46,tree,6,0.052,0.023,0.029,0
S47_age3_Chair_trial013.png,S47,chair,6,0.052,0.03,0.022,0
S21_age2_Tree_trial015.png,S21,tree,5,0.052,0.024,0.028,0
S47_age3_Bird_trial005.png,S47,bird,6,0.051,0.026,0.025,0
S70_age4_Watch_trial016.png,S70,watch,7,0.051,0.022,0.029,0
S89_age5_Watch_trial009.png,S89,watch,8,0.051,0.028,0.022,0
S69_age4_Airplane_trial013.png,S69,airplane,7,0.051,0.026,0.025,0
S47_age3_House_trial007.png,S47,house,6,0.051,0.045,0.005,0
S87_age5_Bird_trial016.png,S87,bird,8,0.051,0.031,0.02,0
S108_age6_Car_trial013.png,S108,car,9,0.051,0.035,0.016,0
S76_age4_Tree_trial006.png,S76,tree,7,0.051,0.025,0.026,0
S117_age6_Tree_trial012.png,S117,tree,9,0.051,0.031,0.021,0
S9_age1_House_trial015.png,S9,house,4,0.051,0.032,0.019,0
S96_age5_Hat_trial008.png,S96,hat,8,0.05,0.024,0.026,0
S118_age6_Watch_trial014.png,S118,watch,9,0.05,0.027,0.023,0
S3_age1_Car_trial008.png,S3,car,4,0.05,0.04,0.01,0
S110_age6_Chair_trial012.png,S110,chair,9,0.05,0.051,-0.002,0
S47_age3_Bicycle_trial009.png,S47,bike,6,0.05,0.035,0.015,0
S18_age1_Airplane_trial011.png,S18,airplane,4,0.05,0.014,0.036,0
S14_age1_Airplane_trial012.png,S14,airplane,4,0.05,0.043,0.007,0
S15_age1_Cup_trial015.png,S15,cup,4,0.049,0.025,0.024,0
S14_age1_Hat_trial005.png,S14,hat,4,0.049,0.003,0.045,0
S75_age4_House_trial007.png,S75,house,7,0.049,0.04,0.008,0
S17_age1_Hat_trial015.png,S17,hat,4,0.049,0.024,0.026,0
S51_age3_Bird_trial008.png,S51,bird,6,0.049,0.021,0.028,0
S14_age1_Cup_trial015.png,S14,cup,4,0.048,0.026,0.022,0
S110_age6_Cat_trial011.png,S110,cat,9,0.048,0.036,0.012,0
S84_age5_Chair_trial011.png,S84,chair,8,0.047,0.04,0.007,0
S84_age5_Rabbit_trial015.png,S84,rabbit,8,0.047,0.041,0.006,0
S30_age2_House_trial013.png,S30,house,5,0.047,0.033,0.014,0
S115_age6_Tree_trial016.png,S115,tree,9,0.047,0.033,0.014,0
S82_age5_Airplane_trial005.png,S82,airplane,8,0.047,0.031,0.016,0
S69_age4_Bicycle_trial014.png,S69,bike,7,0.047,0.032,0.015,0
S84_age5_Cat_trial016.png,S84,cat,8,0.047,0.037,0.01,0
S94_age5_Bird_trial013.png,S94,bird,8,0.047,0.04,0.007,0
S93_age5_Watch_trial016.png,S93,watch,8,0.047,0.031,0.016,0
S3_age1_Bicycle_trial006.png,S3,bike,4,0.047,0.024,0.023,0
S9_age1_Tree_trial016.png,S9,tree,4,0.047,0.029,0.018,0
S67_age4_Hat_trial012.png,S67,hat,7,0.046,0.036,0.01,0
S82_age5_Cat_trial015.png,S82,cat,8,0.046,0.02,0.026,0
S114_age6_Airplane_trial011.png,S114,airplane,9,0.046,0.02,0.026,0
S13_age1_Bird_trial009.png,S13,bird,4,0.046,0.01,0.036,0
S30_age2_Chair_trial010.png,S30,chair,5,0.045,0.027,0.017,0
S69_age4_Car_trial016.png,S69,car,7,0.045,0.039,0.006,0
S103_age6_Car_trial016.png,S103,car,9,0.045,0.045,-0.001,0
S86_age5_Tree_trial012.png,S86,tree,8,0.045,0.025,0.02,0
S103_age6_Airplane_trial005.png,S103,airplane,9,0.045,0.039,0.006,0
S96_age5_Tree_trial005.png,S96,tree,8,0.045,0.025,0.02,0
S66_age4_Tree_trial005.png,S66,tree,7,0.045,0.028,0.017,0
S76_age4_House_trial016.png,S76,house,7,0.045,0.037,0.008,0
S57_age3_Tree_trial005.png,S57,tree,6,0.044,0.03,0.014,0
S111_age6_Tree_trial008.png,S111,tree,9,0.044,0.036,0.009,0
S15_age1_Rabbit_trial006.png,S15,rabbit,4,0.044,0.03,0.014,0
S84_age5_Airplane_trial010.png,S84,airplane,8,0.043,0.036,0.007,0
S84_age5_Bird_trial012.png,S84,bird,8,0.043,0.036,0.007,0
S76_age4_Cat_trial015.png,S76,cat,7,0.043,0.033,0.011,0
S81_age5_Hat_trial006.png,S81,hat,8,0.043,0.02,0.023,0
S29_age2_Tree_trial014.png,S29,tree,5,0.043,0.018,0.025,0
S19_age1_Bird_trial012.png,S19,bird,4,0.043,0.015,0.028,0
S25_age2_Car_trial007.png,S25,car,5,0.043,0.03,0.014,0
S81_age5_Car_trial005.png,S81,car,8,0.043,0.029,0.014,0
S81_age5_Cat_trial013.png,S81,cat,8,0.043,0.034,0.008,0
S43_age3_Car_trial016.png,S43,car,6,0.042,0.026,0.016,0
S1_age1_Bird_trial014.png,S1,bird,4,0.042,0.025,0.017,0
S23_age2_Airplane_trial012.png,S23,airplane,5,0.042,0.054,-0.012,0
S16_age1_Bird_trial012.png,S16,bird,4,0.042,0.035,0.007,0
S16_age1_Watch_trial009.png,S16,watch,4,0.042,0.034,0.007,0
S15_age1_Bicycle_trial012.png,S15,bike,4,0.042,0.027,0.015,0
S66_age4_Car_trial009.png,S66,car,7,0.042,0.033,0.009,0
S57_age3_Car_trial013.png,S57,car,6,0.041,0.027,0.014,0
S16_age1_Airplane_trial010.png,S16,airplane,4,0.041,0.042,-0.001,0
S8_age1_Tree_trial014.png,S8,tree,4,0.041,0.006,0.034,0
S3_age1_Rabbit_trial014.png,S3,rabbit,4,0.041,0.028,0.014,0
S83_age5_Car_trial009.png,S83,car,8,0.041,0.031,0.01,0
S102_age6_House_trial006.png,S102,house,9,0.04,0.041,-0.002,0
S76_age4_Car_trial014.png,S76,car,7,0.04,0.032,0.008,0
S111_age6_Car_trial012.png,S111,car,9,0.04,0.031,0.01,0
S15_age1_Cat_trial014.png,S15,cat,4,0.04,0.028,0.012,0
S13_age1_Chair_trial012.png,S13,chair,4,0.04,0.017,0.022,0
S15_age1_House_trial005.png,S15,house,4,0.04,0.026,0.014,0
S84_age5_Car_trial013.png,S84,car,8,0.039,0.035,0.004,0
S89_age5_Car_trial013.png,S89,car,8,0.039,0.024,0.015,0
S16_age1_Rabbit_trial016.png,S16,rabbit,4,0.039,0.035,0.003,0
S78_age4_Chair_trial007.png,S78,chair,7,0.039,0.021,0.018,0
S19_age1_House_trial006.png,S19,house,4,0.039,0.016,0.023,0
S110_age6_Airplane_trial014.png,S110,airplane,9,0.038,0.035,0.003,0
S94_age5_Airplane_trial011.png,S94,airplane,8,0.038,0.025,0.013,0
S84_age5_Cup_trial007.png,S84,cup,8,0.038,0.038,-0.001,0
S23_age2_Cup_trial013.png,S23,cup,5,0.037,0.133,-0.097,0
S13_age1_Bicycle_trial010.png,S13,bike,4,0.037,0.017,0.02,0
S47_age3_Tree_trial011.png,S47,tree,6,0.037,0.026,0.011,0
S95_age5_Watch_trial015.png,S95,watch,8,0.037,0.027,0.01,0
S30_age2_Car_trial008.png,S30,car,5,0.036,0.03,0.006,0
S6_age1_Bird_trial009.png,S6,bird,4,0.036,0.012,0.024,0
S60_age3_Watch_trial010.png,S60,watch,6,0.036,0.024,0.012,0
S40_age2_Bicycle_trial006.png,S40,bike,5,0.036,0.021,0.015,0
S15_age1_Chair_trial009.png,S15,chair,4,0.036,0.031,0.006,0
S14_age1_Bicycle_trial011.png,S14,bike,4,0.036,0.024,0.012,0
S29_age2_Watch_trial012.png,S29,watch,5,0.036,0.021,0.015,0
S76_age4_Bicycle_trial012.png,S76,bike,7,0.036,0.032,0.004,0
S9_age1_Rabbit_trial014.png,S9,rabbit,4,0.036,0.024,0.012,0
S25_age2_Airplane_trial006.png,S25,airplane,5,0.035,0.021,0.015,0
S111_age6_Watch_trial015.png,S111,watch,9,0.035,0.027,0.008,0
S103_age6_House_trial010.png,S103,house,9,0.035,0.055,-0.021,0
S57_age3_Watch_trial006.png,S57,watch,6,0.034,0.026,0.008,0
S91_age5_Watch_trial010.png,S91,watch,8,0.034,0.016,0.018,0
S110_age6_Hat_trial015.png,S110,hat,9,0.034,0.031,0.003,0
S16_age1_House_trial014.png,S16,house,4,0.032,0.026,0.007,0
S16_age1_Cat_trial007.png,S16,cat,4,0.032,0.018,0.013,0
S14_age1_House_trial016.png,S14,house,4,0.032,0.022,0.011,0
S3_age1_House_trial013.png,S3,house,4,0.032,0.03,0.002,0
S81_age5_Watch_trial010.png,S81,watch,8,0.03,0.025,0.006,0
S118_age6_Tree_trial013.png,S118,tree,9,0.03,0.018,0.013,0
S47_age3_Cat_trial008.png,S47,cat,6,0.03,0.02,0.01,0
S16_age1_Bicycle_trial011.png,S16,bike,4,0.029,0.025,0.004,0
S19_age1_Car_trial015.png,S19,car,4,0.029,0.021,0.008,0
S40_age2_Car_trial005.png,S40,car,5,0.029,0.029,0.0,0
S83_age5_Watch_trial005.png,S83,watch,8,0.029,0.025,0.004,0
S16_age1_Tree_trial015.png,S16,tree,4,0.029,0.02,0.008,0
S16_age1_Hat_trial013.png,S16,hat,4,0.028,0.018,0.01,0
S23_age2_Bird_trial010.png,S23,bird,5,0.027,0.051,-0.024,0
S13_age1_House_trial015.png,S13,house,4,0.027,0.02,0.006,0
S84_age5_Tree_trial005.png,S84,tree,8,0.026,0.023,0.003,0
S16_age1_Chair_trial008.png,S16,chair,4,0.026,0.02,0.006,0
S47_age3_Cup_trial014.png,S47,cup,6,0.026,0.016,0.01,0
S84_age5_Hat_trial008.png,S84,hat,8,0.026,0.021,0.005,0
S13_age1_Car_trial011.png,S13,car,4,0.026,0.023,0.003,0
S103_age6_Hat_trial009.png,S103,hat,9,0.025,0.026,-0.001,0
S20_age1_Watch_trial014.png,S20,watch,4,0.024,0.021,0.004,0
S67_age4_Watch_trial006.png,S67,watch,7,0.022,0.019,0.003,0
S21_age2_House_trial010.png,S21,house,5,0.021,0.038,-0.017,0
S15_age1_Bird_trial010.png,S15,bird,4,0.019,0.019,0.001,0
S15_age1_Watch_trial008.png,S15,watch,4,0.019,0.013,0.005,0
S19_age1_Rabbit_trial007.png,S19,rabbit,4,0.018,0.01,0.008,0
S47_age3_Airplane_trial016.png,S47,airplane,6,0.017,0.01,0.007,0
S118_age6_Hat_trial016.png,S118,hat,9,0.016,0.008,0.008,0
S69_age4_Watch_trial012.png,S69,watch,7,0.016,0.014,0.002,0
S47_age3_Watch_trial012.png,S47,watch,6,0.015,0.011,0.005,0
S19_age1_Watch_trial009.png,S19,watch,4,0.014,0.01,0.004,0
S19_age1_Hat_trial005.png,S19,hat,4,0.013,0.01,0.003,0
S7_age1_House_trial013.png,S7,house,4,0.013,0.089,-0.076,0
S39_age2_Watch_trial014.png,S39,watch,5,0.013,0.006,0.007,0
S19_age1_Tree_trial008.png,S19,tree,4,0.011,0.01,0.001,0
S6_age1_Cup_trial013.png,S6,cup,4,0.009,0.005,0.005,0
S15_age1_Tree_trial007.png,S15,tree,4,0.004,0.018,-0.014,0
